Arating,Grating,votes
8.91,8.611,24390
8.64,8.490,30847
8.54,8.259,15494
8.40,8.242,38060
8.32,8.174,34198
8.45,8.162,16408
8.55,8.125,9019
8.29,8.120,38978
8.29,8.080,18882
8.73,8.072,6441
8.20,8.049,32404
8.42,8.032,9711
8.13,8.012,36374
8.12,7.991,40128
8.38,7.990,10518
8.62,7.986,5322
8.43,7.939,8806
8.15,7.928,17187
8.10,7.926,19602
8.04,7.923,56150
8.23,7.921,17168
8.12,7.909,14888
8.07,7.908,23489
8.11,7.896,23361
7.99,7.889,56722
8.16,7.878,16322
8.08,7.876,15704
8.18,7.859,10958
8.18,7.855,9543
8.03,7.849,25308
8.13,7.817,11057
8.81,7.814,5778
8.26,7.809,7043
8.08,7.806,16453
7.99,7.803,16855
7.89,7.801,49703
7.94,7.784,27043
7.93,7.778,24289
7.95,7.777,23910
7.89,7.755,22974
7.91,7.744,26538
7.94,7.732,15268
8.06,7.711,8773
7.90,7.710,24205
7.78,7.691,68427
7.86,7.676,15812
7.76,7.664,40387
7.81,7.662,24569
7.85,7.659,15617
8.14,7.651,5703
8.12,7.647,6814
7.77,7.647,38316
7.87,7.642,17196
8.01,7.641,10376
7.78,7.639,25469
7.86,7.633,23436
7.78,7.629,21127
7.72,7.627,50405
8.10,7.626,6832
7.82,7.615,16763
7.74,7.610,26965
7.72,7.603,33099
8.02,7.602,6674
7.92,7.596,8508
7.74,7.591,29674
7.73,7.586,21247
8.16,7.585,5334
7.80,7.578,13385
7.76,7.576,18824
7.76,7.575,15004
7.79,7.566,12053
7.71,7.560,23033
7.78,7.556,12464
7.77,7.551,20680
7.64,7.547,82574
7.65,7.545,67814
7.68,7.540,32527
7.79,7.527,9393
8.00,7.523,6032
7.75,7.521,13078
8.20,7.520,3997
7.73,7.501,19211
7.99,7.497,5991
7.60,7.496,37962
8.14,7.495,4565
7.70,7.485,14546
7.82,7.483,8424
7.92,7.482,5813
7.80,7.475,9149
7.78,7.474,9457
7.61,7.473,28121
7.63,7.468,18702
7.61,7.464,19716
7.66,7.464,23848
7.79,7.463,8639
7.65,7.462,17125
8.06,7.458,4996
7.63,7.457,22351
7.78,7.455,8246
7.56,7.447,47069
7.67,7.442,13160
7.69,7.439,10412
7.72,7.439,8833
7.57,7.428,18870
7.82,7.427,7754
8.02,7.427,4303
7.78,7.426,7402
7.95,7.425,5288
7.79,7.420,8285
7.67,7.417,10024
7.64,7.414,18027
7.65,7.410,11780
7.72,7.408,7783
7.90,7.403,5902
7.52,7.402,27761
8.02,7.402,4040
7.56,7.400,23867
7.86,7.400,5487
7.92,7.399,4864
7.63,7.395,10076
7.94,7.395,4750
7.55,7.395,22600
7.55,7.389,17296
7.90,7.383,4907
7.59,7.377,14292
7.61,7.374,10440
7.70,7.374,7385
7.64,7.374,9825
7.47,7.366,44596
7.59,7.364,11989
8.53,7.364,2439
7.71,7.363,6705
7.63,7.361,8885
7.74,7.360,9489
7.65,7.359,13164
7.55,7.357,14023
7.60,7.353,16893
7.65,7.349,8266
7.45,7.346,60045
8.07,7.345,4183
7.61,7.341,8869
8.25,7.339,2590
7.47,7.332,17416
8.04,7.331,3316
7.56,7.328,11884
7.84,7.328,5385
7.92,7.326,4939
7.53,7.325,15304
7.44,7.324,25458
7.69,7.323,7817
7.43,7.323,84265
7.48,7.320,27748
7.84,7.318,4692
7.91,7.315,4156
7.48,7.314,17346
8.20,7.311,3142
7.68,7.307,6347
7.52,7.305,13400
7.52,7.303,10964
8.05,7.301,3045
7.62,7.301,7823
7.49,7.300,12058
7.51,7.299,10933
7.56,7.298,9482
7.53,7.296,11028
7.60,7.293,7947
7.46,7.292,15436
7.57,7.290,8005
7.69,7.289,7851
7.81,7.288,4575
7.82,7.288,4815
7.56,7.288,9717
7.81,7.287,4574
7.67,7.284,7241
7.86,7.284,3946
7.44,7.280,17475
7.47,7.280,13583
7.77,7.279,5644
7.68,7.278,5742
7.59,7.274,11159
7.46,7.271,13103
7.69,7.270,6794
7.49,7.270,13296
7.99,7.268,3631
7.82,7.267,4114
7.56,7.260,7220
7.44,7.258,13440
7.71,7.256,5010
7.40,7.255,22980
7.51,7.253,10006
7.57,7.251,8154
7.70,7.246,4969
7.84,7.241,3516
7.42,7.240,14039
7.93,7.237,3285
7.38,7.236,19472
7.91,7.234,3138
7.46,7.233,13218
7.62,7.231,6038
7.58,7.224,6231
7.67,7.224,5144
7.65,7.224,5250
7.48,7.223,9905
7.34,7.221,31594
7.42,7.221,11990
7.30,7.215,53233
7.90,7.214,3822
7.43,7.214,10944
7.44,7.213,11710
7.77,7.211,3973
7.82,7.210,3611
7.52,7.202,7094
7.32,7.202,24790
7.44,7.199,11452
7.35,7.197,17321
7.37,7.197,14179
7.45,7.196,8821
7.30,7.195,41135
7.58,7.194,6522
7.70,7.192,5356
8.23,7.192,2421
7.63,7.191,4774
7.40,7.188,12379
7.34,7.187,16075
7.35,7.187,16939
7.53,7.186,6776
7.46,7.186,7798
7.52,7.184,6524
7.42,7.181,11900
7.75,7.179,4241
7.55,7.178,6282
7.43,7.178,8665
7.41,7.177,9859
7.86,7.176,3261
7.30,7.175,27746
7.88,7.173,3244
7.55,7.172,5854
7.95,7.172,3455
7.37,7.170,11222
7.40,7.170,11507
7.26,7.169,46562
7.39,7.168,9701
7.65,7.167,4700
7.77,7.166,3612
7.96,7.162,3242
7.63,7.159,5076
7.42,7.157,8274
7.38,7.156,14223
7.35,7.155,12486
7.51,7.153,6696
7.27,7.153,20666
8.00,7.151,2650
7.31,7.148,14961
7.31,7.148,17191
7.54,7.145,6373
7.31,7.144,13414
7.23,7.141,48143
7.38,7.132,8320
7.41,7.130,8305
7.74,7.128,3353
8.05,7.127,2816
7.38,7.125,9388
7.65,7.123,3909
7.75,7.119,3474
7.43,7.119,6431
7.29,7.116,34151
7.48,7.114,6717
7.54,7.113,4988
8.49,7.110,2106
7.31,7.108,10541
7.41,7.107,6865
7.52,7.107,6764
7.41,7.106,7095
7.22,7.105,19634
7.45,7.105,5980
7.96,7.105,2369
7.93,7.099,2531
8.48,7.099,1576
7.70,7.093,3560
7.24,7.093,17930
7.55,7.093,4281
7.34,7.091,8011
7.35,7.091,8590
7.80,7.089,3070
7.37,7.088,8908
7.73,7.087,3169
7.21,7.087,23548
7.49,7.085,5161
7.60,7.083,4220
7.43,7.080,7429
7.98,7.078,2372
7.40,7.078,9029
7.55,7.078,4951
7.58,7.076,4149
7.34,7.076,7841
7.33,7.076,8032
7.21,7.076,17163
7.33,7.074,11918
7.62,7.073,3666
7.20,7.072,20824
8.01,7.071,2896
7.48,7.070,4859
7.32,7.066,10879
7.24,7.066,12912
7.38,7.063,5962
7.15,7.061,31738
7.56,7.059,4145
7.38,7.058,6537
7.46,7.058,6147
7.63,7.056,3841
7.28,7.055,13245
7.34,7.049,8450
7.14,7.048,31785
7.38,7.047,6433
7.27,7.046,9792
7.72,7.045,2757
7.44,7.044,4793
7.41,7.043,5524
7.21,7.043,12891
7.22,7.040,16825
7.64,7.040,3245
7.75,7.039,2671
7.97,7.039,2218
7.19,7.039,84569
7.78,7.039,2567
8.63,7.039,1802
7.59,7.039,3763
7.46,7.039,5815
7.31,7.038,8640
7.35,7.033,6104
7.28,7.032,11182
7.25,7.031,11506
7.17,7.029,18739
7.72,7.029,3069
7.26,7.026,9866
7.70,7.025,3621
7.33,7.023,6314
7.20,7.022,13077
7.20,7.020,11016
7.25,7.019,8649
7.49,7.019,4103
7.54,7.019,3674
7.29,7.018,7711
7.30,7.016,7624
7.60,7.016,3267
7.62,7.014,3238
7.27,7.008,7487
7.31,7.008,6646
7.13,7.008,23437
7.28,7.007,7168
7.43,7.006,4372
7.55,7.006,3613
7.10,7.004,43537
7.27,7.001,7274
7.83,7.001,3191
7.68,6.997,3424
7.23,6.997,10481
7.69,6.996,2756
7.14,6.993,14342
7.25,6.993,9786
7.21,6.991,10065
7.76,6.989,2542
7.24,6.989,8349
7.78,6.988,2749
7.35,6.986,5087
7.20,6.986,10670
7.67,6.985,2872
7.10,6.982,21173
7.21,6.981,8073
7.34,6.981,6660
7.32,6.980,5604
7.46,6.979,3926
7.23,6.979,8131
7.11,6.978,16633
7.31,6.977,5659
7.27,6.974,6322
7.30,6.972,6444
7.26,6.972,6909
7.08,6.971,26380
7.22,6.971,7934
7.42,6.970,4377
8.16,6.969,2211
7.55,6.969,3698
7.21,6.965,14100
7.44,6.965,4042
7.49,6.964,3594
7.47,6.962,4292
7.23,6.960,6785
7.44,6.960,3824
7.61,6.959,2905
7.31,6.957,5473
7.59,6.955,3551
8.08,6.955,1723
7.61,6.953,2915
7.05,6.950,33598
7.58,6.949,2901
7.17,6.949,9596
7.30,6.948,5641
7.49,6.947,3398
8.09,6.945,1936
7.50,6.944,3449
7.19,6.943,8656
7.23,6.942,6601
7.76,6.941,2324
7.35,6.941,4736
7.28,6.939,5560
7.07,6.939,18541
7.68,6.939,2463
7.20,6.939,6966
7.63,6.938,2811
7.45,6.938,3923
8.04,6.937,1726
7.39,6.937,4131
7.04,6.936,17453
7.72,6.936,2327
7.45,6.936,4282
7.29,6.935,5740
7.30,6.934,5948
8.03,6.934,1700
7.15,6.933,9345
8.24,6.932,1472
7.44,6.932,3854
7.21,6.932,8264
7.90,6.931,1947
7.16,6.931,8511
7.13,6.929,9463
7.03,6.927,25099
7.33,6.926,4989
7.14,6.926,10276
7.10,6.925,24144
7.43,6.925,3667
7.23,6.925,6134
7.04,6.921,28909
7.39,6.921,3958
7.85,6.919,2039
7.32,6.915,4511
7.62,6.913,2538
7.06,6.909,13796
8.07,6.909,1492
7.15,6.906,7948
7.35,6.906,3910
7.32,6.905,4785
7.18,6.903,6994
7.15,6.902,8678
7.29,6.901,4812
7.06,6.900,11751
7.16,6.899,7478
7.21,6.899,6211
7.47,6.898,3184
7.40,6.898,4345
7.52,6.897,2878
7.45,6.897,3354
7.05,6.896,13565
7.64,6.894,2539
7.30,6.894,4479
7.99,6.892,1625
7.80,6.892,2170
7.04,6.892,13962
7.08,6.891,30172
7.54,6.890,2907
7.19,6.889,5815
7.04,6.888,14954
7.54,6.886,2990
7.82,6.883,1845
7.28,6.883,4706
7.09,6.879,8593
8.12,6.877,1598
8.15,6.876,1564
7.04,6.874,15963
7.68,6.873,2107
8.23,6.873,1359
7.14,6.872,6565
7.37,6.870,3403
7.30,6.870,4431
7.45,6.869,3467
7.43,6.869,3674
7.66,6.868,2182
7.13,6.867,6761
7.11,6.866,7452
7.26,6.866,4490
7.33,6.865,3657
7.37,6.865,3720
6.99,6.864,15155
7.75,6.864,1947
7.14,6.864,6113
8.15,6.863,1465
7.10,6.859,7435
6.99,6.859,16626
8.11,6.859,1523
7.10,6.858,7738
7.01,6.857,19274
7.21,6.855,5136
7.28,6.854,4203
7.21,6.853,5247
7.03,6.852,11886
7.28,6.850,4057
7.94,6.850,1561
6.99,6.849,15721
7.55,6.847,2642
7.56,6.846,2421
7.78,6.846,2008
6.97,6.846,15886
8.24,6.845,1285
7.30,6.844,3800
7.24,6.843,5440
8.00,6.840,1927
7.39,6.840,3607
7.28,6.838,4369
7.06,6.837,7824
7.59,6.837,2315
7.71,6.836,1959
7.42,6.836,3087
7.12,6.835,6342
7.35,6.835,3161
7.45,6.834,2740
7.26,6.834,4893
7.15,6.833,5881
7.61,6.833,2205
7.34,6.833,3285
8.06,6.833,1421
8.07,6.833,1324
7.29,6.831,3648
7.29,6.831,4928
7.54,6.829,2363
7.46,6.828,2812
8.01,6.827,1549
7.53,6.827,2338
7.65,6.826,2286
7.23,6.826,4214
7.25,6.825,3848
7.56,6.824,2372
7.49,6.824,2931
7.44,6.822,2805
7.54,6.821,2519
7.27,6.821,3963
7.22,6.820,4985
7.23,6.820,4076
7.27,6.819,3816
7.40,6.818,2991
7.04,6.818,8197
7.09,6.817,6972
8.07,6.817,1367
7.31,6.816,3635
7.40,6.815,2765
7.05,6.815,11121
7.03,6.812,10464
7.91,6.812,1499
7.21,6.811,4321
7.03,6.810,7679
7.36,6.810,3351
7.12,6.808,5304
7.05,6.808,7151
7.72,6.807,1770
7.16,6.805,4994
7.09,6.805,6554
7.14,6.803,4789
6.95,6.801,11886
7.87,6.801,1557
7.46,6.799,2734
7.09,6.799,6792
7.62,6.799,2147
6.99,6.797,11182
7.10,6.796,9637
7.78,6.795,1671
7.55,6.795,2139
7.07,6.792,6254
7.31,6.792,3154
6.91,6.791,19849
7.20,6.791,4018
6.96,6.789,10322
7.18,6.789,4197
7.10,6.788,5712
7.27,6.788,3223
7.15,6.788,4705
7.26,6.787,3710
7.28,6.786,3474
7.44,6.786,2610
7.11,6.785,5379
7.85,6.785,2206
7.19,6.785,4079
7.18,6.782,4316
7.18,6.782,4042
7.31,6.781,3210
7.70,6.781,1840
7.28,6.779,3481
6.96,6.778,9806
7.20,6.776,4433
7.04,6.774,7060
6.97,6.774,9616
7.83,6.773,1615
7.12,6.772,4608
7.51,6.771,2475
7.32,6.771,3162
7.20,6.770,3700
7.33,6.769,3054
7.79,6.769,1898
7.08,6.767,5184
7.21,6.764,3505
7.18,6.764,3820
7.21,6.763,3625
7.36,6.763,2738
6.97,6.763,13020
7.17,6.762,5271
7.98,6.762,1632
7.03,6.761,6204
8.01,6.760,1616
7.21,6.759,3852
7.23,6.758,3408
7.27,6.757,3252
7.09,6.754,5475
6.92,6.754,11105
6.88,6.753,15353
7.29,6.752,3065
7.83,6.752,1494
7.02,6.751,6497
7.14,6.750,4036
7.54,6.750,2063
7.31,6.750,2828
7.00,6.749,7198
7.11,6.748,4576
7.37,6.746,2547
7.56,6.745,1994
6.89,6.744,10848
7.79,6.743,1577
7.04,6.742,5985
7.31,6.742,2975
7.90,6.738,1390
7.07,6.737,4758
6.97,6.737,7689
7.47,6.737,2665
6.89,6.736,11950
7.01,6.736,6154
6.99,6.735,7444
7.10,6.733,4456
7.03,6.732,5980
6.82,6.732,35057
7.06,6.730,4901
7.32,6.730,2614
7.14,6.728,3721
7.18,6.727,3451
7.26,6.726,2984
7.34,6.726,2746
7.20,6.726,3243
7.20,6.723,3306
7.53,6.719,1967
7.33,6.717,2525
7.46,6.717,2041
7.45,6.716,2226
7.12,6.716,3877
7.36,6.715,2558
6.99,6.715,5549
6.83,6.714,14599
7.40,6.713,2200
7.05,6.713,4456
7.61,6.713,2028
7.24,6.711,3740
7.73,6.711,1549
6.85,6.710,12927
7.16,6.710,3670
7.13,6.708,3837
7.22,6.706,3623
7.12,6.706,4196
7.09,6.706,4298
6.96,6.705,6293
7.03,6.704,5688
8.00,6.702,1356
6.95,6.702,6528
7.41,6.702,2477
6.98,6.701,7777
7.11,6.697,3831
7.32,6.696,2620
6.85,6.696,10790
7.27,6.695,2652
7.39,6.695,2509
7.22,6.694,2898
7.56,6.693,1748
7.40,6.691,2688
7.41,6.691,2043
7.01,6.689,5049
6.93,6.687,6305
7.27,6.686,2679
6.98,6.683,5247
7.56,6.680,1859
7.10,6.678,3550
7.21,6.675,3007
7.04,6.673,4229
7.15,6.672,3330
7.40,6.672,2972
7.64,6.670,1552
7.46,6.668,1801
7.25,6.668,2586
7.96,6.667,1157
6.89,6.666,6873
7.29,6.666,2615
7.03,6.665,3836
7.01,6.664,4170
7.01,6.663,4299
6.90,6.660,6648
7.26,6.659,2417
6.81,6.659,20438
7.03,6.658,4435
7.01,6.658,4807
7.37,6.657,2033
6.79,6.657,13380
7.74,6.656,1394
6.90,6.655,6763
7.85,6.653,1278
7.12,6.652,3096
7.24,6.652,2488
7.50,6.651,1737
6.95,6.651,4985
7.31,6.650,2223
8.22,6.650,1090
7.03,6.648,5266
7.63,6.648,1571
6.97,6.648,4610
7.05,6.645,3619
7.40,6.644,1884
7.01,6.643,4093
7.07,6.643,3474
6.99,6.643,4276
6.97,6.642,4664
8.48,6.642,840
7.27,6.641,2306
7.18,6.640,2869
7.42,6.638,2215
6.73,6.638,17502
7.01,6.638,3859
7.33,6.637,2052
7.96,6.637,1152
7.11,6.637,3055
7.41,6.636,1973
7.29,6.635,2150
7.36,6.635,2159
7.23,6.633,2367
6.98,6.632,4016
7.06,6.630,3474
6.78,6.630,12463
7.72,6.629,1589
6.92,6.629,5009
6.94,6.629,4647
7.12,6.628,3037
7.37,6.628,2106
7.43,6.627,2185
7.02,6.626,4610
7.56,6.626,1515
7.41,6.626,2009
7.55,6.625,1692
7.22,6.625,2333
7.80,6.625,1448
7.03,6.624,3493
6.95,6.624,4406
7.94,6.624,1059
7.04,6.623,3425
7.36,6.622,1963
7.53,6.621,1513
7.72,6.620,1330
6.83,6.620,7506
6.89,6.620,7454
6.76,6.620,13098
7.04,6.619,3373
6.87,6.619,5571
7.62,6.619,1526
7.68,6.618,1593
7.19,6.617,2530
7.14,6.616,2558
6.99,6.616,3654
7.76,6.616,1252
7.20,6.615,2552
6.85,6.615,6090
6.98,6.613,3892
6.96,6.611,4043
7.54,6.611,1528
7.07,6.610,2900
8.98,6.608,676
7.07,6.607,2975
7.12,6.607,2806
7.38,6.606,1788
7.06,6.605,3433
7.04,6.604,3467
7.16,6.603,2476
7.33,6.603,1974
7.36,6.603,2222
7.50,6.602,1493
6.89,6.602,4777
7.17,6.602,2338
7.10,6.602,3162
6.85,6.602,5927
7.16,6.601,2545
6.88,6.601,5348
7.21,6.601,2447
8.00,6.599,1089
6.94,6.599,3949
7.14,6.598,2581
6.95,6.597,3899
8.09,6.597,983
7.51,6.597,1519
6.83,6.597,7316
6.90,6.596,5661
7.54,6.596,1686
8.04,6.595,1165
6.87,6.595,5414
6.92,6.595,4225
7.24,6.591,2227
7.18,6.591,2425
6.91,6.590,4476
7.99,6.590,1022
7.77,6.590,1205
6.97,6.590,3625
7.07,6.589,3054
7.28,6.589,2428
7.11,6.587,2683
7.58,6.586,1428
7.32,6.586,1881
7.02,6.586,3183
7.42,6.584,1688
7.13,6.583,2606
6.74,6.583,12096
7.04,6.582,2949
6.97,6.581,3912
7.41,6.581,1866
7.27,6.580,1899
6.89,6.579,4526
6.93,6.578,3932
6.78,6.577,7409
7.22,6.576,2162
7.06,6.576,2757
8.32,6.575,858
6.75,6.575,7975
6.97,6.573,4193
6.79,6.570,8475
7.74,6.570,1174
7.62,6.569,1373
7.32,6.568,1743
6.78,6.567,6708
6.81,6.566,5974
6.68,6.566,19816
6.93,6.564,3797
7.06,6.563,2766
7.26,6.563,2019
6.66,6.563,20984
7.72,6.562,1222
7.90,6.558,1040
6.76,6.557,6854
6.84,6.556,5522
7.92,6.556,1043
7.04,6.554,2911
7.51,6.554,1454
6.85,6.554,5074
7.01,6.554,2874
6.93,6.554,3445
8.28,6.554,829
6.88,6.553,4287
6.81,6.553,5265
6.85,6.552,4577
7.35,6.552,1628
6.99,6.549,2991
8.01,6.548,916
7.20,6.546,2024
6.86,6.545,4778
7.64,6.545,1863
7.03,6.535,2660
6.73,6.535,7376
6.96,6.535,3756
7.20,6.534,2043
6.87,6.531,4513
7.18,6.529,1935
7.27,6.529,1909
7.44,6.528,1420
6.67,6.528,12604
7.02,6.527,2550
6.96,6.527,3138
7.03,6.527,2771
7.17,6.527,2213
7.59,6.526,1394
6.86,6.525,3754
7.12,6.522,2098
7.43,6.522,1460
7.39,6.521,1484
6.97,6.521,2781
6.93,6.520,3756
6.85,6.520,4070
7.01,6.520,3130
7.25,6.519,1777
7.04,6.519,2376
7.63,6.519,1139
6.88,6.517,4870
7.26,6.517,1718
7.03,6.517,2425
7.55,6.516,1606
6.66,6.516,9306
7.24,6.516,1769
7.03,6.516,2812
7.18,6.515,1924
7.04,6.515,2760
6.78,6.514,5111
7.19,6.513,1828
6.72,6.512,6670
8.01,6.511,916
7.16,6.510,2138
7.20,6.510,1866
7.57,6.509,1189
6.92,6.509,2963
7.11,6.509,2099
6.91,6.508,3137
6.86,6.508,3902
7.05,6.507,2312
8.00,6.507,918
7.24,6.507,1672
7.56,6.507,1225
6.86,6.506,3735
7.27,6.504,1712
7.68,6.503,1081
7.39,6.503,1433
6.72,6.502,6287
7.18,6.501,1951
7.11,6.501,2596
6.69,6.501,7093
8.13,6.500,835
7.05,6.500,2277
7.63,6.499,1131
7.21,6.499,1829
6.81,6.497,4715
7.36,6.497,1464
6.60,6.497,21027
6.71,6.496,6478
6.79,6.496,4848
6.85,6.496,3644
7.82,6.496,929
6.94,6.493,2875
6.72,6.492,5658
6.88,6.492,3178
6.70,6.492,8022
7.05,6.492,3291
6.92,6.490,2990
7.30,6.489,1724
6.87,6.489,3668
6.84,6.488,3762
7.10,6.487,2116
7.14,6.486,1862
6.92,6.485,2974
7.67,6.483,1069
6.91,6.483,2811
7.38,6.483,1503
6.98,6.482,2642
6.93,6.481,2880
7.00,6.481,2577
7.17,6.481,1779
7.31,6.480,1479
6.66,6.480,9165
6.79,6.479,4266
7.22,6.478,1981
7.00,6.477,2432
6.73,6.477,5417
7.52,6.476,1143
7.35,6.476,1407
7.39,6.475,1388
6.66,6.474,7269
7.34,6.474,1405
8.17,6.473,835
7.67,6.472,1061
7.26,6.472,1930
6.83,6.471,3326
6.86,6.471,3559
7.29,6.471,1465
6.82,6.470,3964
7.25,6.470,1568
7.33,6.470,1409
7.25,6.469,1740
6.65,6.469,7911
7.00,6.468,2368
6.71,6.468,5268
7.31,6.467,1451
6.85,6.467,3238
6.81,6.467,3671
7.45,6.467,1262
6.65,6.467,7249
7.11,6.466,1847
6.66,6.465,6899
7.29,6.465,1869
6.84,6.465,3247
7.11,6.465,2062
7.12,6.464,1915
6.61,6.464,9357
6.82,6.463,3728
7.45,6.463,1371
7.23,6.463,1520
7.55,6.463,1205
6.97,6.462,2912
6.93,6.460,2695
6.96,6.460,2395
6.99,6.460,2295
8.56,6.459,649
7.87,6.459,1015
7.01,6.459,2145
6.69,6.458,5362
7.49,6.458,1291
7.08,6.458,2055
6.86,6.456,2895
7.07,6.455,1941
6.89,6.455,2925
7.37,6.455,1470
7.11,6.454,1901
7.28,6.454,1592
6.83,6.454,3247
7.51,6.453,1482
6.88,6.453,2745
6.80,6.453,3515
7.17,6.453,1654
7.56,6.452,1060
6.70,6.452,5106
7.26,6.452,1716
7.35,6.451,1366
6.94,6.451,2814
7.50,6.450,1120
7.02,6.448,2029
7.61,6.446,1058
6.87,6.446,2781
7.48,6.445,1246
7.54,6.444,1152
7.13,6.443,2126
6.78,6.443,3626
6.70,6.443,4990
6.91,6.442,2516
7.17,6.442,1869
7.67,6.440,1066
7.51,6.439,1101
6.92,6.439,2527
6.72,6.438,4324
7.11,6.438,1896
6.80,6.437,3317
7.00,6.436,2030
6.81,6.436,3307
7.63,6.435,1049
7.13,6.435,1637
7.48,6.433,1426
6.91,6.433,2437
7.39,6.433,1233
7.17,6.433,1545
6.82,6.432,3246
7.13,6.432,1710
7.54,6.432,1255
7.44,6.430,1416
7.61,6.430,978
7.32,6.429,1389
7.51,6.428,1234
7.84,6.427,832
6.87,6.425,2719
7.38,6.425,1204
7.56,6.425,1102
7.15,6.425,1922
6.86,6.424,3137
6.93,6.423,2698
6.61,6.423,6582
6.54,6.423,17681
7.71,6.423,998
6.99,6.422,2031
7.41,6.422,1180
6.88,6.422,2660
7.10,6.421,1712
7.07,6.420,1753
7.12,6.420,1641
7.05,6.419,1848
6.94,6.419,2282
6.72,6.419,5016
7.08,6.419,1818
7.17,6.418,1623
6.85,6.417,2756
7.82,6.417,908
7.35,6.417,1268
7.43,6.417,1275
6.68,6.416,5305
7.54,6.416,1734
7.16,6.416,1648
6.85,6.413,2683
6.89,6.413,2351
6.93,6.412,2163
8.10,6.411,657
6.90,6.410,2272
6.64,6.410,6112
6.73,6.409,3705
7.51,6.409,1026
7.55,6.409,1148
6.77,6.408,3311
6.74,6.407,3863
6.86,6.407,2546
7.50,6.407,1008
7.21,6.407,1472
7.01,6.406,1823
7.27,6.405,1526
6.81,6.405,2796
6.77,6.404,3057
7.00,6.404,1833
7.66,6.403,956
7.53,6.403,1057
7.22,6.401,1472
6.90,6.401,2231
7.10,6.401,1697
7.64,6.400,938
6.98,6.400,1996
6.87,6.400,2447
6.94,6.400,2115
7.07,6.399,1668
6.94,6.399,2503
7.06,6.397,1656
6.96,6.397,2072
6.90,6.397,2269
7.09,6.396,1576
6.92,6.396,2513
6.61,6.395,5982
6.97,6.395,1972
6.91,6.394,2179
7.25,6.394,1384
7.20,6.394,1706
6.92,6.392,2046
7.84,6.390,894
6.85,6.390,2529
6.58,6.390,7613
6.95,6.390,2300
7.19,6.389,1684
7.35,6.389,1176
7.47,6.389,1121
8.40,6.389,628
6.73,6.388,3550
6.80,6.388,2983
6.52,6.388,23210
7.46,6.388,1067
7.62,6.388,919
6.99,6.387,1819
6.95,6.387,1925
6.69,6.386,6304
7.38,6.385,1436
7.22,6.385,1326
6.97,6.385,2419
7.88,6.384,854
7.14,6.384,1576
7.59,6.383,1049
7.47,6.383,1054
7.20,6.383,1433
6.51,6.382,12310
7.04,6.381,1714
7.76,6.381,916
7.08,6.381,1603
7.37,6.380,1139
6.55,6.379,7762
8.04,6.378,725
6.64,6.378,4418
7.72,6.377,855
7.12,6.377,1477
7.14,6.377,1436
7.15,6.376,1667
7.01,6.376,1704
7.85,6.375,789
6.76,6.374,2876
7.33,6.373,1317
7.60,6.371,1086
6.98,6.371,1897
6.69,6.370,3554
7.00,6.370,1745
7.16,6.370,1379
7.14,6.369,1569
7.84,6.369,757
6.70,6.369,5578
6.75,6.368,2996
7.03,6.368,1832
7.60,6.368,899
7.15,6.368,1406
6.55,6.368,7308
7.32,6.367,1172
6.88,6.367,2104
6.81,6.367,2709
7.76,6.366,793
7.43,6.365,990
6.53,6.364,10249
7.77,6.363,872
7.96,6.363,730
6.54,6.363,9733
7.84,6.362,761
7.07,6.362,1669
6.92,6.361,1915
7.24,6.361,1381
6.75,6.361,2823
7.04,6.360,1597
7.54,6.360,932
6.89,6.359,1991
6.63,6.359,4144
6.87,6.358,2205
7.72,6.358,895
6.94,6.357,1845
7.27,6.355,1288
6.97,6.355,1748
6.75,6.353,3025
6.94,6.352,1797
7.04,6.350,1536
7.19,6.350,1276
6.64,6.350,3969
7.30,6.349,1116
8.05,6.349,687
7.31,6.348,1132
6.67,6.348,3493
6.59,6.347,4477
6.51,6.347,7307
6.61,6.347,4411
6.94,6.346,1802
6.77,6.346,2626
6.84,6.346,2215
6.65,6.346,3722
8.06,6.346,871
6.73,6.345,2833
7.23,6.344,1264
7.20,6.344,1242
7.48,6.344,909
7.15,6.344,1431
7.97,6.340,759
7.68,6.339,946
7.30,6.338,1093
6.94,6.337,1719
7.04,6.337,1585
6.99,6.337,1585
8.44,6.337,541
6.84,6.337,2113
7.13,6.336,1301
6.56,6.336,6164
6.77,6.335,2331
6.82,6.335,2380
6.97,6.334,2045
7.86,6.334,731
7.30,6.334,1128
7.20,6.334,1207
7.37,6.333,1085
6.82,6.333,2182
8.56,6.332,560
6.97,6.331,1749
7.61,6.331,983
6.87,6.331,2172
6.99,6.331,1638
7.07,6.331,1373
7.48,6.329,970
6.86,6.329,1995
8.24,6.329,599
7.05,6.328,1527
7.02,6.327,1494
6.98,6.327,1763
6.86,6.326,2412
7.16,6.326,1415
6.98,6.326,1551
6.64,6.326,4979
7.63,6.326,870
6.56,6.325,4645
6.85,6.325,2642
6.80,6.325,2267
6.98,6.325,1671
7.09,6.324,1368
6.73,6.324,3018
6.69,6.324,3062
6.69,6.324,2960
7.15,6.324,1251
6.84,6.323,2037
7.23,6.323,1165
7.59,6.322,935
7.60,6.321,876
6.95,6.320,1651
6.58,6.320,4831
6.71,6.319,2854
6.99,6.319,1550
6.90,6.319,1756
6.57,6.318,6138
6.75,6.318,2854
7.55,6.318,889
6.80,6.317,2401
7.13,6.316,1263
7.10,6.316,1274
6.77,6.316,2278
7.90,6.316,778
6.56,6.316,9620
6.92,6.315,1731
7.54,6.315,894
7.55,6.314,829
7.90,6.314,702
8.14,6.314,579
7.23,6.314,1186
7.46,6.314,853
7.96,6.313,618
7.28,6.313,1079
7.51,6.312,842
7.14,6.312,1210
6.92,6.312,1692
6.57,6.312,4535
6.66,6.312,3100
6.89,6.309,1856
6.77,6.308,2328
6.85,6.308,1906
6.54,6.307,11457
6.83,6.307,2035
7.12,6.306,1335
6.48,6.306,9399
7.24,6.306,1170
8.02,6.306,659
6.94,6.305,1588
7.03,6.305,1649
6.79,6.305,2218
6.94,6.305,1588
6.96,6.304,1538
7.42,6.304,893
6.79,6.304,2087
6.71,6.304,2637
6.93,6.304,1670
6.77,6.303,2192
6.82,6.303,1901
6.99,6.303,1459
7.02,6.302,1789
6.93,6.302,1711
7.21,6.302,1313
7.87,6.302,690
6.97,6.302,1635
7.59,6.302,822
6.64,6.301,3058
6.73,6.301,2649
7.39,6.301,990
7.19,6.301,1127
7.14,6.300,1302
6.54,6.300,4591
6.82,6.299,1895
7.80,6.298,732
7.20,6.298,1179
7.20,6.298,1134
7.72,6.298,743
7.14,6.297,1196
6.53,6.297,4680
6.69,6.297,2643
7.28,6.296,984
7.41,6.295,895
6.73,6.294,2647
6.57,6.292,3954
6.89,6.292,1611
7.67,6.292,798
6.63,6.292,3027
6.74,6.292,2110
6.96,6.291,1497
6.61,6.291,3199
6.88,6.291,1712
6.79,6.291,2002
6.78,6.290,1990
7.15,6.289,1169
7.00,6.289,1402
7.26,6.289,1074
7.03,6.289,1379
7.58,6.288,757
6.75,6.287,2279
6.58,6.287,4097
7.34,6.287,958
6.75,6.286,2603
7.20,6.286,1130
6.81,6.285,1826
7.03,6.285,1454
6.70,6.285,2793
7.77,6.285,690
6.67,6.284,2636
6.80,6.284,2040
6.59,6.283,3261
7.44,6.283,868
6.74,6.283,2277
7.02,6.282,1373
6.97,6.281,1494
7.53,6.280,775
6.64,6.280,2588
6.95,6.279,1405
6.67,6.278,2479
6.80,6.278,1877
6.65,6.278,2814
6.70,6.278,2357
6.92,6.276,1575
7.79,6.276,781
6.61,6.276,3233
6.77,6.275,1940
7.53,6.275,874
7.10,6.275,1180
6.97,6.274,1360
7.00,6.274,1423
6.82,6.273,1824
6.48,6.273,5316
7.39,6.272,862
6.82,6.272,1737
7.16,6.272,1093
6.61,6.272,2863
6.63,6.271,2854
6.91,6.270,1518
7.31,6.269,966
7.57,6.269,770
7.06,6.268,1227
6.91,6.268,1535
7.23,6.267,1006
6.57,6.267,3394
6.92,6.266,1519
7.02,6.266,1292
6.76,6.265,1878
6.72,6.265,2113
7.38,6.265,872
6.92,6.265,1443
6.45,6.264,7314
6.85,6.262,1666
6.92,6.262,1470
7.90,6.262,600
6.57,6.261,4674
6.62,6.261,2682
7.15,6.261,1089
6.64,6.260,2992
6.91,6.260,1446
6.98,6.259,1494
7.46,6.259,816
7.32,6.259,924
6.89,6.259,1672
6.80,6.259,1709
6.96,6.259,1374
6.85,6.258,1657
7.04,6.258,1250
8.04,6.257,635
7.83,6.257,820
7.41,6.257,828
6.70,6.257,2501
6.90,6.256,1576
6.78,6.256,1994
6.66,6.254,2377
7.94,6.254,576
6.92,6.251,1967
7.17,6.251,1013
8.04,6.250,536
7.20,6.250,1202
7.33,6.249,896
7.65,6.249,822
6.58,6.249,2896
8.21,6.248,926
6.77,6.248,1973
6.83,6.248,1627
6.89,6.248,1481
6.94,6.247,1412
6.72,6.247,2007
6.53,6.247,3574
7.20,6.246,964
7.04,6.246,1177
7.13,6.245,1091
7.28,6.245,909
7.30,6.245,926
7.18,6.245,1003
6.79,6.244,1811
7.36,6.243,870
7.54,6.243,749
6.71,6.243,2277
6.52,6.242,3682
7.96,6.242,514
7.50,6.242,782
7.28,6.240,1197
6.75,6.240,1874
7.14,6.240,1208
6.77,6.240,1710
6.94,6.239,1351
8.42,6.238,513
6.95,6.238,1457
6.80,6.238,1609
7.08,6.238,1216
6.83,6.237,1612
6.83,6.237,1666
6.62,6.236,2453
6.73,6.235,1796
7.33,6.235,1004
6.81,6.235,1563
6.57,6.234,2877
6.68,6.233,2361
7.36,6.233,825
6.64,6.233,2218
7.56,6.233,948
6.39,6.232,7450
6.52,6.232,4608
7.49,6.232,751
8.11,6.231,1156
6.88,6.231,1688
7.72,6.230,643
6.79,6.230,1577
6.78,6.230,1787
6.43,6.229,5035
7.12,6.229,1179
6.52,6.229,3381
7.96,6.228,570
6.91,6.227,1348
6.73,6.227,1785
6.73,6.226,1855
6.44,6.226,5501
7.05,6.226,1120
6.39,6.226,8616
6.81,6.226,1521
6.66,6.225,2498
7.04,6.224,1056
6.70,6.224,1830
6.62,6.223,2351
6.59,6.223,2722
7.13,6.222,950
6.66,6.222,2614
6.72,6.221,1809
7.25,6.221,895
7.65,6.221,650
6.88,6.221,1575
6.92,6.221,1296
7.65,6.221,660
6.79,6.220,1633
7.20,6.220,946
7.24,6.219,911
6.83,6.219,1509
6.79,6.219,1531
8.09,6.218,548
6.47,6.218,3791
7.01,6.218,1237
6.47,6.217,3716
6.60,6.217,2507
8.09,6.217,497
6.95,6.216,1408
7.49,6.216,720
6.93,6.215,1306
6.93,6.215,1229
7.28,6.214,822
6.63,6.213,2542
7.21,6.213,969
7.15,6.213,987
6.99,6.213,1117
7.30,6.212,819
7.11,6.212,983
7.16,6.211,944
7.87,6.211,579
6.84,6.211,1412
6.71,6.210,1844
6.90,6.210,1293
7.64,6.209,663
7.12,6.208,960
6.79,6.207,1589
6.77,6.207,1552
7.10,6.205,991
6.87,6.205,1312
6.62,6.205,2089
6.70,6.205,1910
6.89,6.205,1387
6.77,6.205,2046
6.70,6.204,1873
7.38,6.204,790
8.38,6.204,408
7.91,6.203,545
7.09,6.203,1017
6.36,6.203,11884
6.80,6.202,1588
6.83,6.201,1435
6.68,6.201,2024
7.18,6.201,938
7.42,6.201,732
6.51,6.201,3166
6.90,6.200,1209
6.74,6.200,1628
7.64,6.200,643
7.85,6.200,559
6.88,6.200,1254
6.55,6.200,3630
7.55,6.199,671
7.27,6.199,969
7.98,6.199,509
7.37,6.199,820
7.09,6.198,977
6.91,6.198,1251
6.83,6.197,1717
6.63,6.197,1987
8.31,6.197,468
6.57,6.197,2422
6.90,6.196,1260
6.54,6.196,2542
7.46,6.195,677
7.65,6.195,627
7.23,6.195,832
6.57,6.195,2400
6.38,6.195,5214
6.42,6.195,5125
7.17,6.194,954
7.47,6.193,734
6.53,6.193,2571
6.45,6.193,3607
6.43,6.193,4074
6.86,6.193,1308
7.22,6.192,961
6.65,6.192,1967
7.42,6.192,768
6.88,6.191,1297
6.88,6.191,1255
7.33,6.190,851
6.89,6.190,1231
7.55,6.187,794
6.61,6.187,2051
7.03,6.187,1038
6.71,6.187,1627
6.67,6.186,2000
6.33,6.186,7378
6.33,6.186,10339
7.64,6.186,584
6.62,6.185,2071
6.80,6.185,1751
6.43,6.185,4717
6.68,6.185,1760
6.60,6.184,2198
7.07,6.184,1020
6.68,6.183,1682
7.06,6.183,953
7.06,6.182,997
7.29,6.182,742
7.46,6.182,702
7.08,6.180,956
6.91,6.180,1174
6.95,6.180,1085
6.55,6.180,2329
6.57,6.180,2412
7.02,6.179,1046
6.49,6.179,2778
7.10,6.179,1083
6.68,6.178,1823
6.28,6.177,22874
6.65,6.177,2147
7.44,6.176,670
7.19,6.176,960
7.16,6.176,929
6.76,6.176,1523
8.37,6.175,448
6.87,6.175,1496
7.72,6.175,587
6.45,6.174,3176
6.48,6.173,2858
6.75,6.173,1465
6.35,6.173,6811
6.51,6.173,3000
6.76,6.172,1421
6.98,6.172,1176
7.25,6.171,878
6.53,6.170,2336
7.44,6.169,639
6.62,6.169,2135
7.34,6.169,726
6.51,6.169,2601
7.23,6.169,848
6.48,6.169,2939
7.06,6.168,949
6.60,6.168,2197
7.08,6.167,988
6.96,6.167,1039
6.41,6.167,3482
6.88,6.166,1364
7.61,6.166,709
6.73,6.165,1459
6.44,6.165,3329
6.61,6.164,2055
6.95,6.163,1049
6.84,6.163,1288
6.65,6.163,1687
6.67,6.162,1602
6.78,6.162,1372
6.54,6.162,2289
6.51,6.162,2620
6.74,6.161,1429
7.09,6.161,963
6.54,6.161,2499
7.99,6.161,485
6.89,6.161,1203
6.82,6.161,1221
6.82,6.160,1251
6.44,6.160,3010
6.89,6.160,1102
6.49,6.160,2481
7.84,6.159,483
6.93,6.159,1053
7.31,6.159,808
6.74,6.158,1457
7.23,6.158,820
6.79,6.158,1387
7.45,6.158,663
6.45,6.157,2863
6.90,6.156,1166
7.49,6.155,655
7.00,6.155,1049
8.10,6.155,563
6.49,6.155,2597
7.37,6.155,776
6.79,6.154,1395
6.72,6.154,1495
6.74,6.153,1611
7.68,6.153,549
6.97,6.153,1051
7.80,6.152,526
6.86,6.151,1392
7.08,6.151,897
7.89,6.151,474
8.00,6.151,446
7.10,6.149,929
7.10,6.149,970
6.65,6.149,1710
6.82,6.149,1192
7.91,6.148,459
6.82,6.148,1168
8.04,6.148,558
6.73,6.148,1469
7.43,6.147,632
7.34,6.147,721
8.09,6.146,501
6.86,6.146,1227
6.93,6.145,1118
6.77,6.145,1305
6.72,6.145,1339
7.13,6.145,910
7.24,6.144,741
6.41,6.143,3341
8.11,6.143,446
7.42,6.143,633
7.05,6.143,866
7.49,6.141,644
7.11,6.141,898
6.76,6.141,1288
7.45,6.141,652
6.78,6.141,1320
6.31,6.141,11263
6.79,6.140,1289
6.92,6.139,1013
6.58,6.139,1835
7.22,6.139,877
6.98,6.138,934
6.70,6.138,1625
6.46,6.138,2679
6.38,6.137,3552
6.90,6.137,1008
6.99,6.136,946
6.82,6.135,1400
6.72,6.135,1390
6.69,6.134,1775
6.28,6.134,8920
6.50,6.134,2298
7.14,6.134,819
7.24,6.133,707
6.86,6.133,1101
6.78,6.133,1527
6.44,6.132,2714
7.16,6.132,817
6.83,6.131,1115
6.86,6.130,1141
6.36,6.130,3594
6.72,6.130,1500
7.09,6.129,892
6.82,6.129,1264
7.15,6.128,785
6.30,6.128,5439
7.90,6.128,466
6.85,6.128,1181
7.32,6.127,696
6.50,6.126,2436
7.30,6.126,680
6.76,6.125,1210
6.61,6.124,1613
7.50,6.124,635
7.04,6.124,837
7.00,6.124,840
6.92,6.123,969
7.52,6.122,599
6.91,6.122,976
7.07,6.122,995
7.83,6.122,467
7.58,6.122,524
7.12,6.122,804
6.68,6.122,1851
6.49,6.122,3002
6.61,6.122,1713
7.11,6.121,825
7.72,6.121,548
7.11,6.120,833
7.67,6.120,511
6.67,6.119,1418
6.89,6.118,1033
6.86,6.118,1100
8.05,6.118,421
6.86,6.117,1076
7.83,6.116,487
6.72,6.116,1280
6.83,6.116,1072
6.56,6.115,1841
6.70,6.115,1352
6.78,6.115,1219
6.88,6.115,1021
6.73,6.114,1363
7.02,6.114,1011
6.84,6.114,1024
6.84,6.114,1044
6.47,6.114,2950
6.79,6.113,1262
6.54,6.112,1872
7.28,6.112,725
6.77,6.112,1423
6.60,6.112,1641
6.49,6.111,2718
7.10,6.110,818
6.72,6.110,1329
6.62,6.110,1448
7.88,6.109,457
6.54,6.109,1752
6.39,6.109,3066
6.66,6.109,1446
6.95,6.109,878
7.20,6.107,710
6.72,6.106,1269
6.90,6.106,1052
6.69,6.105,1273
6.61,6.105,1876
6.47,6.104,2155
7.00,6.104,955
7.41,6.103,630
6.55,6.103,1795
7.34,6.102,832
6.65,6.102,1424
6.63,6.102,1584
6.54,6.102,1740
6.50,6.102,1912
6.75,6.102,1174
7.66,6.102,504
7.08,6.102,812
6.82,6.101,1197
6.50,6.101,2062
6.67,6.101,1332
7.25,6.101,663
6.48,6.101,3038
6.55,6.100,1673
6.68,6.100,2446
6.39,6.100,2550
7.37,6.100,616
6.96,6.100,871
8.50,6.099,400
6.38,6.098,4368
6.71,6.098,1274
6.22,6.098,14340
7.21,6.097,714
6.92,6.097,890
7.32,6.097,765
6.61,6.096,1468
7.03,6.096,792
6.62,6.096,1375
6.62,6.096,1582
8.02,6.095,401
6.56,6.095,1615
6.82,6.095,1007
7.52,6.095,511
7.55,6.094,505
6.59,6.093,1549
6.79,6.093,1067
6.48,6.093,2472
7.58,6.093,547
6.48,6.093,2048
6.50,6.092,1978
6.47,6.092,2062
6.40,6.092,2718
7.07,6.092,771
6.75,6.092,1106
7.01,6.091,978
6.87,6.090,1075
7.58,6.090,512
6.53,6.089,1681
6.99,6.089,858
7.46,6.089,567
7.11,6.088,771
6.48,6.088,1823
6.46,6.087,1934
7.67,6.087,483
7.70,6.087,501
6.56,6.087,1611
8.15,6.087,384
6.67,6.087,1276
7.57,6.086,483
6.64,6.086,1384
6.97,6.086,856
7.23,6.086,714
7.74,6.086,498
6.52,6.085,2363
7.20,6.085,685
6.61,6.085,1397
7.27,6.085,584
7.32,6.084,658
6.44,6.084,2225
7.06,6.084,777
6.61,6.083,1392
6.40,6.083,2349
7.43,6.083,567
8.18,6.083,384
6.90,6.083,946
6.55,6.082,1567
6.44,6.082,2026
6.51,6.082,1710
8.71,6.082,273
6.63,6.081,1544
6.57,6.081,1510
6.49,6.080,1794
6.84,6.080,985
6.68,6.080,1216
6.73,6.080,1098
6.83,6.079,975
7.49,6.079,499
8.06,6.079,421
6.42,6.079,2352
6.27,6.079,7031
6.89,6.078,901
7.41,6.078,560
6.46,6.078,2108
7.26,6.076,646
6.76,6.076,1032
7.01,6.075,859
7.35,6.075,566
6.87,6.075,945
7.43,6.075,615
7.71,6.075,504
7.08,6.074,810
6.50,6.073,2261
7.60,6.073,611
7.28,6.073,627
7.53,6.073,513
7.02,6.072,840
6.76,6.072,1039
7.61,6.072,538
6.99,6.072,890
6.36,6.071,4775
7.89,6.071,378
6.83,6.071,911
6.96,6.070,793
7.28,6.070,589
7.11,6.070,791
8.31,6.070,441
6.58,6.070,1430
6.56,6.070,1516
7.28,6.069,627
7.40,6.069,610
6.52,6.069,1593
7.23,6.069,663
6.68,6.068,1171
6.49,6.068,1905
6.96,6.068,823
7.36,6.068,592
8.67,6.067,304
6.56,6.067,1667
6.74,6.067,1451
6.62,6.067,1282
6.90,6.066,860
6.97,6.066,820
7.35,6.065,544
6.46,6.065,1807
6.80,6.065,986
6.54,6.065,1517
7.05,6.064,725
6.88,6.064,858
6.96,6.064,812
6.59,6.063,1495
7.14,6.063,716
6.71,6.063,1140
6.46,6.062,1851
6.60,6.062,1371
7.92,6.062,503
6.42,6.062,2028
7.68,6.061,467
7.02,6.061,802
6.70,6.061,1098
6.76,6.060,1037
6.51,6.060,1581
6.37,6.060,2375
6.40,6.059,2337
6.51,6.059,1508
7.94,6.059,382
6.95,6.059,895
7.35,6.057,557
7.48,6.057,589
7.19,6.057,676
6.75,6.057,997
7.32,6.057,545
7.68,6.056,614
7.45,6.056,533
7.37,6.056,579
7.23,6.056,572
7.12,6.056,722
6.36,6.056,2655
7.91,6.056,401
6.61,6.056,1305
6.65,6.056,1215
7.25,6.055,687
8.04,6.054,428
6.81,6.054,931
6.65,6.054,1287
7.03,6.054,700
6.88,6.053,826
6.57,6.053,1432
6.44,6.052,2325
6.47,6.052,1720
6.71,6.052,1062
7.45,6.052,555
6.61,6.052,1230
6.98,6.051,750
6.99,6.051,741
6.58,6.051,1328
8.22,6.051,351
7.41,6.050,576
6.36,6.050,2463
6.53,6.050,1567
6.83,6.050,956
6.55,6.050,1338
6.89,6.049,804
7.34,6.049,628
6.63,6.048,1198
6.63,6.048,1152
8.03,6.048,340
6.57,6.048,1295
6.47,6.047,2203
6.86,6.047,963
7.07,6.047,649
6.76,6.047,1063
6.80,6.047,962
6.80,6.046,934
7.16,6.046,727
8.42,6.046,377
6.32,6.045,2732
6.53,6.045,1399
7.09,6.045,711
6.68,6.044,1070
6.46,6.044,1698
6.87,6.043,835
7.24,6.043,633
6.51,6.043,1534
7.71,6.043,418
6.95,6.042,805
8.01,6.042,458
7.53,6.042,453
7.21,6.042,612
7.06,6.042,737
7.67,6.042,498
6.51,6.041,1530
6.82,6.041,908
6.37,6.041,2172
6.89,6.041,822
6.60,6.041,1406
6.60,6.041,1248
6.95,6.040,876
6.98,6.040,779
7.38,6.040,491
8.14,6.039,355
7.14,6.038,771
7.50,6.038,480
7.86,6.038,428
7.36,6.038,569
7.19,6.038,689
7.85,6.037,404
6.18,6.037,5438
6.80,6.037,920
6.86,6.037,820
7.37,6.036,532
6.89,6.036,754
6.62,6.036,1214
6.58,6.036,1288
6.72,6.036,1040
7.01,6.035,734
6.55,6.035,1375
7.06,6.035,719
6.53,6.034,1462
6.57,6.034,1332
7.51,6.034,460
6.68,6.034,1042
6.44,6.033,1639
6.56,6.033,1316
6.67,6.033,1059
6.58,6.033,1480
7.05,6.033,679
6.75,6.033,931
6.71,6.033,1006
6.44,6.032,1631
6.90,6.032,776
6.76,6.031,922
7.39,6.031,539
6.58,6.031,1486
7.20,6.030,542
6.68,6.030,1530
6.73,6.030,1034
7.57,6.030,467
6.52,6.029,1402
6.93,6.029,802
6.40,6.029,1839
8.01,6.029,414
7.47,6.028,500
6.48,6.028,1488
7.26,6.028,547
7.04,6.028,663
6.20,6.028,6135
6.38,6.027,2001
6.94,6.027,749
7.18,6.027,570
7.72,6.026,410
6.70,6.026,1129
6.94,6.026,694
7.21,6.026,596
6.89,6.026,784
8.14,6.025,453
7.64,6.025,422
7.35,6.025,511
6.39,6.025,2260
7.14,6.025,580
6.51,6.024,1346
7.42,6.024,520
7.44,6.024,475
6.56,6.024,1277
6.52,6.024,1321
6.45,6.024,1699
6.82,6.023,863
6.35,6.023,2191
6.64,6.023,1146
6.89,6.023,742
7.24,6.023,597
6.39,6.022,2142
6.80,6.021,831
6.60,6.021,1179
8.04,6.021,361
6.88,6.021,822
8.34,6.021,398
6.45,6.021,1509
6.38,6.020,2432
6.36,6.020,2119
7.33,6.020,507
7.09,6.020,669
6.43,6.020,1681
7.54,6.020,730
7.76,6.020,413
6.80,6.019,818
6.97,6.019,672
6.76,6.019,1014
6.73,6.019,944
6.21,6.019,5022
6.39,6.018,1737
6.44,6.018,1629
6.88,6.018,770
6.41,6.018,1729
7.25,6.016,600
7.98,6.016,354
6.64,6.016,1088
6.86,6.015,737
7.09,6.015,665
6.50,6.015,1344
6.84,6.015,794
7.84,6.015,463
6.77,6.015,1246
7.12,6.014,628
6.42,6.014,1584
6.90,6.014,749
7.10,6.014,666
6.75,6.014,890
8.64,6.014,391
6.61,6.013,1112
8.72,6.013,239
6.86,6.013,748
7.83,6.013,459
6.55,6.013,1650
8.24,6.013,320
6.75,6.013,1128
6.77,6.012,878
6.39,6.012,1787
7.04,6.011,623
7.67,6.011,399
7.98,6.011,363
6.46,6.011,1428
6.83,6.011,802
6.93,6.010,717
7.28,6.010,603
7.29,6.010,533
7.49,6.010,463
6.42,6.009,1572
6.51,6.009,1560
6.66,6.008,982
8.03,6.008,346
7.07,6.008,608
6.50,6.007,1414
7.01,6.007,659
6.77,6.007,881
6.66,6.007,971
7.43,6.007,441
7.37,6.006,564
7.45,6.005,593
6.91,6.005,723
7.57,6.005,456
6.55,6.005,1271
6.52,6.005,1169
6.83,6.004,746
6.63,6.004,1000
7.01,6.004,713
6.92,6.004,757
6.15,6.003,6790
7.19,6.003,533
7.75,6.003,399
7.42,6.003,443
6.73,6.003,863
7.01,6.002,676
6.59,6.001,1100
7.09,6.001,650
6.60,6.000,1067
7.06,5.999,625
6.38,5.999,1687
8.16,5.999,359
7.32,5.998,522
7.17,5.998,538
6.48,5.998,1335
7.37,5.997,470
6.36,5.997,2029
7.76,5.997,546
6.72,5.997,975
6.87,5.997,784
6.16,5.997,6000
6.85,5.997,781
6.82,5.996,744
6.53,5.996,1249
6.38,5.996,1711
6.67,5.996,880
6.79,5.996,800
6.16,5.995,7198
7.09,5.995,595
6.47,5.995,1338
7.32,5.995,479
6.69,5.994,887
7.19,5.994,529
6.71,5.994,897
6.77,5.994,799
7.78,5.993,406
8.04,5.993,308
7.01,5.992,595
6.75,5.992,795
6.96,5.992,652
6.43,5.992,1475
6.39,5.991,1674
7.25,5.991,642
7.88,5.991,350
7.12,5.991,545
7.37,5.990,432
7.15,5.990,532
6.29,5.990,2209
6.65,5.990,952
6.51,5.990,1205
6.74,5.990,825
6.96,5.990,639
6.68,5.990,880
7.52,5.989,414
6.83,5.989,707
6.71,5.989,946
6.82,5.989,768
6.17,5.989,3723
7.18,5.989,613
6.27,5.989,2265
7.32,5.988,453
6.43,5.988,1430
6.99,5.988,686
7.02,5.988,578
6.92,5.988,667
7.55,5.988,382
7.55,5.988,396
7.74,5.988,354
7.19,5.987,549
6.84,5.987,864
6.34,5.987,2165
6.59,5.987,991
6.82,5.987,765
7.59,5.986,430
7.40,5.986,421
6.72,5.986,1160
6.46,5.986,1481
6.76,5.986,814
6.44,5.985,1450
7.32,5.985,454
6.45,5.985,1371
6.46,5.985,1381
8.00,5.985,338
6.67,5.984,1016
6.61,5.984,962
8.06,5.984,276
7.80,5.984,350
7.00,5.984,613
7.33,5.983,494
7.50,5.983,412
7.35,5.983,452
7.55,5.983,405
7.85,5.983,327
6.75,5.982,845
6.86,5.982,721
6.84,5.982,682
6.43,5.982,1431
7.13,5.982,525
6.42,5.981,1832
8.23,5.981,260
6.83,5.981,715
6.84,5.980,766
6.24,5.980,4530
6.74,5.980,771
7.49,5.980,428
6.45,5.980,1295
6.61,5.979,953
6.59,5.979,1122
6.45,5.979,1306
6.84,5.978,676
7.97,5.978,325
6.52,5.978,1120
7.56,5.978,401
7.06,5.978,537
7.25,5.977,524
7.12,5.976,533
6.55,5.976,1078
6.93,5.976,610
6.46,5.975,1195
6.94,5.975,596
6.86,5.974,677
6.95,5.974,652
6.43,5.974,1343
6.78,5.974,720
6.51,5.974,1548
7.74,5.973,409
6.73,5.973,795
6.79,5.972,791
6.93,5.972,660
6.60,5.972,924
8.45,5.972,262
6.62,5.972,1088
6.52,5.971,1090
6.51,5.971,1117
6.63,5.971,965
7.81,5.971,349
7.84,5.971,424
7.46,5.971,441
6.43,5.971,1570
6.99,5.971,582
6.37,5.970,1424
7.08,5.970,570
7.22,5.970,467
6.81,5.970,742
6.61,5.969,930
6.98,5.969,675
6.41,5.969,1935
7.73,5.969,368
6.74,5.968,735
6.71,5.968,820
6.86,5.968,660
7.53,5.968,404
6.93,5.968,620
7.36,5.967,433
7.07,5.967,531
7.37,5.966,526
6.53,5.966,1026
6.60,5.966,1011
8.28,5.966,281
6.92,5.966,645
6.28,5.966,1860
6.93,5.965,607
7.16,5.965,485
6.95,5.965,639
6.60,5.965,910
6.86,5.964,668
7.81,5.964,351
7.34,5.964,455
7.69,5.963,368
6.71,5.963,805
6.44,5.963,1334
6.68,5.963,961
7.72,5.963,343
7.29,5.963,504
6.78,5.963,752
6.71,5.962,806
6.43,5.962,1263
7.17,5.962,490
6.30,5.962,1714
6.51,5.962,1178
7.14,5.962,568
6.47,5.961,1137
7.91,5.961,335
6.34,5.961,1698
7.04,5.961,583
6.70,5.961,756
6.46,5.960,1211
6.34,5.960,1507
6.63,5.960,891
6.35,5.960,1550
6.72,5.960,755
6.29,5.960,1810
7.24,5.960,453
6.38,5.959,1369
6.89,5.959,623
6.60,5.958,910
7.39,5.958,425
6.78,5.958,778
6.83,5.958,637
7.78,5.957,346
8.19,5.957,277
7.30,5.957,420
6.07,5.957,12008
6.80,5.956,738
8.68,5.956,341
6.57,5.955,976
6.40,5.955,1338
6.68,5.954,810
6.98,5.954,712
7.58,5.954,379
6.90,5.954,644
6.33,5.953,1513
6.38,5.953,1414
6.94,5.953,563
6.78,5.953,781
6.24,5.953,2234
6.41,5.953,1242
6.96,5.953,580
7.16,5.953,474
7.77,5.952,427
7.24,5.952,448
6.55,5.952,966
7.55,5.951,349
7.06,5.951,517
7.46,5.951,365
8.03,5.951,293
6.50,5.950,1023
6.44,5.950,1149
7.28,5.950,427
6.64,5.950,895
7.35,5.950,398
6.27,5.949,1996
6.32,5.949,1589
6.89,5.949,672
6.40,5.949,1293
6.87,5.949,624
6.34,5.948,1457
7.62,5.948,352
6.77,5.948,660
7.12,5.947,493
7.01,5.947,535
6.69,5.947,752
7.88,5.947,308
6.34,5.946,1509
6.29,5.946,1612
7.63,5.946,377
6.83,5.946,675
7.95,5.946,342
8.27,5.946,262
6.92,5.945,569
7.22,5.945,447
7.57,5.945,371
6.58,5.944,932
7.07,5.944,493
8.19,5.944,245
6.53,5.943,928
7.01,5.943,756
6.43,5.942,1159
7.36,5.942,436
6.32,5.942,1459
6.76,5.942,742
8.28,5.941,255
6.66,5.941,796
7.28,5.941,435
6.48,5.940,1070
6.89,5.940,652
7.25,5.940,431
8.11,5.939,268
6.45,5.939,1054
6.59,5.939,847
7.08,5.939,477
6.79,5.939,660
6.38,5.939,1310
7.15,5.939,467
6.25,5.939,2722
7.09,5.939,499
6.50,5.939,1008
7.05,5.939,521
6.80,5.938,647
6.54,5.938,1313
7.14,5.938,495
6.21,5.938,2837
6.41,5.938,1129
6.45,5.938,1193
6.62,5.938,851
6.77,5.937,674
7.15,5.937,466
7.15,5.937,455
6.39,5.937,1253
6.37,5.936,1357
6.38,5.936,1280
6.37,5.936,1302
7.49,5.936,354
6.86,5.935,576
7.49,5.935,389
8.73,5.935,365
7.28,5.935,423
6.55,5.935,881
7.13,5.935,478
7.05,5.935,500
6.52,5.934,978
6.81,5.934,630
6.69,5.934,704
7.62,5.934,325
6.37,5.934,1322
6.75,5.933,675
6.71,5.933,692
7.58,5.933,316
6.70,5.933,783
7.06,5.933,472
6.21,5.933,2699
8.53,5.932,319
6.37,5.932,1334
6.58,5.932,866
6.51,5.932,931
6.93,5.931,541
6.22,5.931,1903
6.95,5.931,516
6.75,5.931,696
6.17,5.930,5736
7.15,5.930,504
7.26,5.930,423
7.75,5.930,325
7.61,5.930,388
6.99,5.930,509
6.69,5.930,803
6.64,5.929,756
6.52,5.929,984
6.74,5.929,711
6.71,5.929,704
6.36,5.929,1258
7.58,5.929,340
6.96,5.929,520
7.62,5.929,568
7.71,5.928,303
7.23,5.928,421
6.41,5.928,1203
7.13,5.928,466
7.88,5.928,300
6.63,5.927,772
7.49,5.927,374
6.35,5.927,1392
6.44,5.927,1207
7.28,5.927,384
6.77,5.927,646
6.47,5.926,1111
7.99,5.926,272
6.21,5.926,1997
7.02,5.926,494
8.38,5.926,232
6.60,5.926,810
6.42,5.925,1121
6.56,5.925,863
6.59,5.925,789
7.93,5.925,260
6.74,5.925,754
8.21,5.924,278
6.20,5.924,2402
7.38,5.924,431
7.21,5.924,420
6.84,5.923,574
8.42,5.923,270
6.18,5.923,2774
7.18,5.923,401
7.23,5.923,387
8.51,5.923,252
7.23,5.923,463
6.61,5.922,871
6.07,5.922,6079
6.53,5.922,962
6.84,5.922,563
7.12,5.922,450
6.58,5.922,795
7.10,5.922,445
6.56,5.921,1154
6.58,5.921,795
6.85,5.921,535
7.19,5.921,776
7.57,5.921,326
6.46,5.921,980
6.49,5.921,1110
6.37,5.920,1245
6.48,5.919,1374
6.82,5.919,689
7.02,5.919,498
6.54,5.919,1032
7.64,5.919,328
6.61,5.919,844
6.32,5.919,1642
6.40,5.919,1220
6.48,5.918,1034
6.59,5.918,824
6.51,5.917,877
6.72,5.917,662
6.81,5.917,657
6.83,5.917,569
6.89,5.916,574
6.99,5.916,472
7.27,5.916,609
6.48,5.916,982
7.41,5.916,353
6.59,5.916,798
6.69,5.916,674
6.90,5.915,617
6.95,5.915,590
6.65,5.915,769
7.11,5.915,475
6.61,5.915,850
6.72,5.915,628
6.36,5.915,1222
7.30,5.914,401
6.97,5.914,473
7.55,5.914,353
6.34,5.914,1376
6.77,5.914,620
7.46,5.914,477
7.56,5.914,321
6.27,5.914,2293
7.12,5.914,430
6.33,5.914,1342
6.86,5.913,555
6.87,5.913,604
6.65,5.913,722
6.76,5.913,602
8.23,5.913,268
6.84,5.913,557
7.37,5.912,371
7.28,5.912,386
6.36,5.912,1185
6.57,5.912,745
7.97,5.911,286
6.35,5.911,1192
7.25,5.911,386
6.90,5.910,508
6.65,5.910,769
7.53,5.910,335
6.48,5.909,957
7.15,5.909,606
7.05,5.909,524
7.81,5.909,274
8.04,5.908,243
6.79,5.908,634
6.48,5.908,928
6.48,5.908,948
6.20,5.907,2044
6.94,5.907,511
6.82,5.907,610
7.73,5.907,285
6.34,5.906,1330
6.53,5.906,818
6.53,5.906,817
6.18,5.906,2502
6.31,5.906,1548
6.71,5.905,641
6.13,5.905,2458
6.09,5.905,3734
6.25,5.905,1403
6.82,5.905,614
7.35,5.905,366
6.38,5.905,1141
6.38,5.905,1095
7.08,5.904,464
6.81,5.904,573
6.48,5.904,862
8.48,5.904,193
6.37,5.904,1231
7.16,5.904,419
6.34,5.903,1551
7.18,5.903,469
8.60,5.903,228
8.13,5.903,234
7.03,5.902,439
7.65,5.902,293
7.04,5.902,463
6.15,5.902,2174
8.06,5.902,259
7.18,5.902,393
6.57,5.901,744
6.47,5.901,872
6.91,5.901,566
7.36,5.901,352
6.69,5.901,729
6.52,5.901,1119
6.61,5.901,751
6.41,5.901,1073
6.95,5.900,473
6.27,5.900,1331
7.38,5.900,358
6.15,5.900,3068
6.41,5.899,986
6.62,5.899,700
6.84,5.899,557
6.72,5.899,632
6.46,5.899,915
6.48,5.899,1080
6.16,5.898,2067
7.91,5.898,329
6.69,5.898,708
6.09,5.898,3293
6.84,5.898,548
7.73,5.898,305
7.06,5.898,443
6.34,5.897,1168
6.37,5.897,1064
6.20,5.897,2214
6.57,5.897,752
7.35,5.897,365
7.74,5.896,330
7.25,5.895,354
6.88,5.895,524
6.21,5.895,1712
7.04,5.894,521
6.56,5.894,765
6.28,5.894,1286
7.04,5.894,428
6.47,5.894,917
6.26,5.893,1398
7.66,5.893,289
6.68,5.893,638
6.37,5.893,998
6.78,5.892,550
6.27,5.892,1517
6.84,5.892,527
7.61,5.892,287
8.31,5.892,359
6.98,5.892,428
6.59,5.892,780
6.40,5.892,1077
6.95,5.891,454
6.32,5.890,1520
6.65,5.890,645
6.92,5.890,504
6.21,5.890,1604
6.61,5.890,793
7.13,5.890,426
6.28,5.890,1822
7.66,5.889,288
7.50,5.889,372
6.60,5.889,727
6.25,5.889,1457
6.85,5.889,495
6.12,5.889,4276
6.56,5.888,701
6.54,5.888,737
7.47,5.888,322
7.92,5.888,274
6.32,5.888,1271
7.37,5.887,353
7.18,5.887,385
6.73,5.887,626
6.18,5.887,1722
6.37,5.887,1112
7.04,5.887,490
7.24,5.887,382
6.90,5.887,492
6.88,5.887,478
6.89,5.887,474
7.00,5.886,457
6.73,5.886,619
6.39,5.885,1063
6.58,5.885,676
7.39,5.885,350
6.57,5.885,728
6.33,5.885,1126
7.88,5.885,246
6.50,5.885,1069
6.76,5.885,555
7.42,5.885,320
6.93,5.885,535
6.89,5.884,796
7.07,5.884,437
7.20,5.884,367
6.25,5.884,1335
6.99,5.884,464
7.17,5.884,381
6.40,5.884,951
7.31,5.883,335
6.89,5.883,532
7.15,5.883,405
7.26,5.883,395
6.34,5.883,1019
7.10,5.882,415
6.10,5.881,2427
6.64,5.881,658
6.37,5.881,970
6.31,5.881,1195
6.62,5.881,682
6.31,5.881,1123
8.04,5.880,280
6.42,5.880,904
6.85,5.880,513
6.65,5.880,650
6.60,5.880,671
6.95,5.880,453
8.14,5.879,221
6.88,5.879,501
6.50,5.879,865
6.46,5.879,812
6.07,5.879,4370
7.32,5.879,347
6.64,5.879,628
6.42,5.878,906
6.96,5.878,439
6.86,5.878,510
6.23,5.878,1972
8.05,5.878,225
7.02,5.878,427
7.66,5.877,283
6.62,5.877,637
6.65,5.877,686
6.61,5.877,674
6.79,5.877,599
6.66,5.877,646
6.88,5.877,459
6.95,5.877,435
6.34,5.876,1021
7.65,5.876,288
6.40,5.876,923
7.26,5.876,341
7.05,5.876,475
6.89,5.876,510
6.28,5.876,1468
6.58,5.876,690
7.98,5.875,224
6.86,5.875,563
6.24,5.875,1300
6.92,5.875,486
6.90,5.875,496
6.24,5.875,1360
6.51,5.875,757
7.29,5.875,391
6.17,5.875,1611
7.49,5.875,347
6.97,5.875,453
7.71,5.875,400
6.29,5.874,1208
6.11,5.874,2411
6.61,5.874,680
6.20,5.874,1448
7.40,5.874,311
6.45,5.874,1539
6.62,5.874,634
6.26,5.874,1173
7.05,5.873,399
7.39,5.872,310
6.92,5.872,495
8.47,5.872,180
6.70,5.872,551
6.63,5.871,616
6.35,5.871,991
6.55,5.871,748
6.39,5.870,906
6.60,5.870,710
7.16,5.870,374
6.90,5.870,446
7.11,5.870,409
6.65,5.869,632
7.73,5.869,279
6.44,5.869,839
6.19,5.869,1473
6.48,5.869,750
7.28,5.869,327
7.23,5.869,349
6.97,5.868,428
7.49,5.868,410
6.42,5.868,832
6.78,5.868,501
6.58,5.867,645
6.39,5.867,859
8.34,5.867,181
7.03,5.867,460
6.45,5.867,822
7.21,5.867,407
6.48,5.867,740
6.86,5.867,514
6.55,5.866,880
6.45,5.866,806
6.51,5.866,749
6.52,5.866,711
6.58,5.865,717
6.88,5.865,503
6.41,5.865,850
6.30,5.865,1095
7.06,5.865,396
6.69,5.865,613
6.52,5.864,695
6.65,5.864,787
6.79,5.864,473
7.55,5.864,303
7.93,5.863,257
6.57,5.863,764
6.50,5.863,863
6.47,5.863,887
6.52,5.863,717
8.17,5.862,221
6.71,5.862,538
6.52,5.862,701
6.78,5.862,498
6.18,5.862,1719
8.01,5.862,234
6.74,5.861,588
6.23,5.861,1257
7.29,5.861,332
7.68,5.861,286
6.83,5.861,486
6.54,5.861,692
7.37,5.860,411
6.15,5.860,1768
6.39,5.860,839
7.10,5.859,362
6.80,5.859,479
7.10,5.859,360
7.61,5.859,296
7.37,5.859,310
6.90,5.859,465
8.26,5.859,176
8.85,5.859,231
6.54,5.859,670
6.40,5.859,934
6.37,5.859,1016
7.94,5.859,245
8.05,5.859,227
6.12,5.859,2510
6.03,5.858,19306
6.31,5.858,980
7.33,5.858,326
6.20,5.858,1394
6.49,5.857,708
6.29,5.857,1037
6.18,5.857,1524
7.08,5.857,365
6.81,5.857,468
7.76,5.857,242
6.73,5.857,531
6.64,5.857,662
6.38,5.856,859
6.12,5.856,2429
7.18,5.855,373
6.58,5.855,623
8.02,5.855,217
6.37,5.855,852
6.92,5.855,415
6.67,5.854,551
6.54,5.854,643
6.93,5.854,443
6.10,5.853,2145
6.80,5.853,460
6.65,5.853,608
6.27,5.852,1085
6.88,5.852,438
7.63,5.852,346
6.33,5.852,936
7.73,5.852,225
7.04,5.851,381
8.49,5.851,187
7.05,5.851,421
7.08,5.851,363
6.59,5.851,605
6.66,5.851,547
7.24,5.851,337
6.48,5.850,679
6.39,5.850,807
6.66,5.850,550
6.52,5.850,671
7.11,5.850,357
7.25,5.850,354
7.34,5.850,293
7.11,5.850,350
6.46,5.850,788
7.23,5.849,314
6.88,5.849,481
6.72,5.849,560
7.18,5.849,396
7.25,5.849,332
6.75,5.849,518
6.88,5.849,539
6.59,5.849,597
6.49,5.849,671
7.35,5.849,297
6.36,5.848,1011
8.00,5.848,205
6.60,5.848,709
6.44,5.848,739
6.73,5.848,508
7.86,5.848,296
6.28,5.848,1017
6.18,5.847,1294
6.80,5.847,450
6.70,5.847,537
6.60,5.847,582
6.53,5.847,637
6.30,5.847,967
7.88,5.847,211
6.60,5.847,575
6.16,5.847,1823
6.33,5.846,887
6.61,5.846,575
6.87,5.846,417
7.14,5.846,330
6.52,5.846,722
6.76,5.846,495
6.44,5.846,735
7.00,5.845,379
6.97,5.845,378
6.52,5.845,654
6.20,5.845,1287
7.54,5.844,257
6.73,5.844,502
6.46,5.844,704
7.34,5.843,309
7.06,5.843,368
7.32,5.843,448
6.76,5.843,515
7.37,5.843,302
7.66,5.843,264
6.48,5.843,711
6.64,5.842,601
7.39,5.842,268
6.21,5.841,1156
6.48,5.841,973
6.62,5.841,649
6.67,5.841,503
8.01,5.840,279
6.91,5.840,404
6.50,5.840,664
6.01,5.840,5658
6.66,5.840,513
6.91,5.840,406
7.39,5.840,280
6.90,5.840,422
6.36,5.839,853
6.96,5.839,381
6.93,5.839,424
6.92,5.839,469
6.44,5.838,796
6.29,5.838,924
6.38,5.838,785
6.47,5.837,734
7.41,5.837,286
6.98,5.837,376
6.73,5.837,483
6.78,5.837,516
7.70,5.837,255
6.73,5.837,478
6.49,5.837,851
7.35,5.836,287
8.26,5.836,261
7.09,5.836,426
6.46,5.836,654
6.37,5.836,813
6.27,5.836,999
7.24,5.835,299
7.88,5.835,280
7.40,5.835,270
6.03,5.835,2814
6.46,5.835,674
6.59,5.835,563
6.66,5.835,489
6.11,5.834,1692
6.77,5.834,466
6.46,5.834,698
7.66,5.834,292
6.32,5.834,897
6.31,5.834,924
6.27,5.834,1000
8.41,5.833,191
7.37,5.833,410
6.45,5.833,695
6.64,5.832,530
6.82,5.832,472
7.57,5.832,520
6.27,5.832,948
6.70,5.832,484
7.52,5.832,259
7.10,5.832,318
6.91,5.832,461
6.33,5.832,845
7.48,5.832,261
7.19,5.832,336
6.70,5.832,473
6.37,5.831,788
8.02,5.831,210
6.44,5.831,731
6.04,5.831,2747
6.50,5.831,638
6.60,5.831,569
7.39,5.831,278
7.73,5.831,214
6.59,5.830,558
7.72,5.830,241
8.44,5.830,194
6.20,5.830,1132
6.95,5.830,545
6.45,5.830,651
6.89,5.830,416
7.17,5.830,301
6.78,5.830,428
6.44,5.830,682
6.84,5.829,408
6.81,5.829,425
6.82,5.829,466
6.61,5.828,523
7.35,5.828,273
6.58,5.828,580
7.29,5.828,368
7.09,5.828,335
6.10,5.828,1607
7.19,5.827,301
6.67,5.827,517
6.25,5.827,1017
6.96,5.827,366
6.27,5.826,994
6.89,5.826,372
7.81,5.826,235
7.19,5.826,343
6.10,5.825,1615
7.32,5.825,266
6.94,5.825,402
6.92,5.825,387
7.28,5.824,301
6.31,5.824,869
6.77,5.824,468
6.53,5.824,682
6.91,5.824,385
8.08,5.824,217
7.79,5.824,254
6.94,5.824,390
6.39,5.823,710
7.31,5.823,285
6.53,5.823,622
7.76,5.823,227
7.75,5.823,212
6.19,5.822,1120
7.38,5.822,330
7.24,5.821,280
6.62,5.821,498
6.56,5.821,693
6.57,5.821,559
6.36,5.821,959
6.64,5.821,543
6.31,5.821,824
7.04,5.821,326
6.90,5.821,362
6.66,5.821,495
6.99,5.821,346
6.94,5.820,374
6.90,5.820,368
7.34,5.820,268
6.95,5.820,491
7.36,5.819,311
6.23,5.819,1066
6.78,5.819,417
8.05,5.819,182
7.08,5.819,330
6.72,5.819,562
6.52,5.819,597
6.56,5.819,600
6.30,5.819,1006
7.02,5.818,337
7.04,5.818,365
7.30,5.818,268
6.76,5.818,434
6.38,5.818,903
6.15,5.818,1523
6.35,5.818,772
6.42,5.817,673
8.74,5.817,205
6.85,5.817,428
6.67,5.817,502
6.93,5.817,394
6.20,5.817,1083
6.68,5.817,506
6.84,5.817,385
7.73,5.817,205
7.20,5.816,290
6.82,5.816,407
7.08,5.816,388
6.93,5.816,351
6.68,5.816,505
6.69,5.816,466
6.83,5.816,398
6.88,5.816,416
7.36,5.815,308
6.56,5.815,522
7.51,5.815,252
7.27,5.815,296
7.07,5.815,349
6.62,5.815,519
6.50,5.814,574
6.55,5.814,527
6.50,5.814,548
7.60,5.814,233
6.36,5.814,712
6.85,5.814,394
7.00,5.814,346
6.70,5.814,539
6.33,5.814,1050
6.52,5.813,583
6.34,5.813,733
6.57,5.813,557
7.92,5.813,192
6.56,5.813,532
6.23,5.813,943
7.44,5.813,249
7.35,5.812,251
7.04,5.812,340
6.53,5.812,575
6.31,5.812,827
6.46,5.812,646
7.27,5.812,286
7.03,5.812,351
6.38,5.812,678
6.65,5.812,450
7.01,5.812,359
7.11,5.812,307
6.87,5.812,404
6.44,5.812,766
5.96,5.811,5849
6.47,5.811,677
7.56,5.811,259
6.15,5.811,1224
6.83,5.811,406
6.64,5.811,473
6.40,5.810,743
6.96,5.810,332
6.18,5.810,1212
6.79,5.810,558
7.46,5.810,274
7.12,5.810,316
7.14,5.810,376
8.09,5.810,380
6.14,5.810,1230
7.51,5.810,238
6.70,5.810,523
6.44,5.809,629
7.25,5.809,278
7.17,5.809,286
6.95,5.808,322
6.70,5.808,428
7.35,5.808,247
6.62,5.808,645
6.19,5.808,1489
6.68,5.808,520
6.81,5.807,387
7.11,5.807,340
8.19,5.807,241
6.95,5.807,327
6.93,5.807,334
6.48,5.807,566
7.74,5.807,238
6.40,5.807,666
7.10,5.806,312
6.03,5.806,1856
7.05,5.806,314
7.74,5.806,200
7.46,5.806,239
6.94,5.806,336
6.50,5.805,655
6.77,5.805,620
6.68,5.805,469
6.31,5.805,815
7.33,5.805,246
6.32,5.805,778
6.64,5.805,524
8.27,5.805,177
6.69,5.805,482
7.95,5.805,209
6.33,5.805,716
6.35,5.805,773
6.16,5.804,1325
6.73,5.804,418
8.60,5.804,161
6.58,5.804,546
6.19,5.803,1034
7.13,5.803,300
7.29,5.803,268
6.64,5.803,511
6.47,5.803,541
6.83,5.803,363
6.60,5.803,487
7.10,5.803,388
7.29,5.803,289
6.73,5.803,420
6.20,5.802,960
6.43,5.802,571
6.39,5.802,705
7.20,5.802,282
7.39,5.802,251
8.34,5.802,165
6.94,5.802,379
6.85,5.801,364
6.13,5.801,1134
6.32,5.801,799
6.17,5.801,1372
6.95,5.801,401
6.30,5.801,832
6.42,5.801,586
6.18,5.801,997
6.26,5.801,872
7.36,5.801,282
6.76,5.801,439
6.54,5.801,658
8.11,5.801,178
6.65,5.801,525
6.48,5.801,547
7.16,5.800,280
6.39,5.800,819
6.94,5.800,330
6.33,5.800,824
7.15,5.800,328
7.39,5.800,243
6.21,5.800,971
6.74,5.800,417
6.51,5.800,569
7.95,5.800,181
7.93,5.800,188
7.05,5.799,313
6.11,5.799,1245
6.20,5.799,979
6.75,5.799,477
6.60,5.799,478
7.45,5.798,247
6.67,5.798,495
6.22,5.798,887
6.11,5.798,1710
6.50,5.798,612
6.76,5.798,410
6.08,5.798,1367
6.46,5.798,584
6.82,5.798,382
6.24,5.798,841
6.75,5.797,380
7.85,5.797,186
6.42,5.797,710
6.23,5.797,922
8.07,5.796,196
6.62,5.796,456
7.04,5.796,332
6.81,5.796,386
6.35,5.796,841
6.19,5.796,1018
7.12,5.796,292
7.06,5.795,296
6.59,5.795,476
6.69,5.795,428
6.53,5.795,489
6.17,5.795,1042
7.27,5.794,286
6.42,5.794,677
6.08,5.794,1542
6.24,5.794,794
6.40,5.794,622
7.25,5.793,261
6.60,5.793,509
7.39,5.793,250
7.98,5.793,182
6.22,5.793,850
6.47,5.793,547
6.60,5.793,556
6.71,5.793,386
6.37,5.793,671
6.61,5.793,499
6.65,5.792,439
6.94,5.792,338
7.06,5.792,316
6.57,5.792,473
7.39,5.792,230
6.21,5.792,1197
6.73,5.792,494
7.38,5.791,262
7.11,5.791,300
6.28,5.791,963
6.28,5.791,782
6.57,5.791,488
6.88,5.791,388
6.50,5.791,534
6.25,5.791,896
6.40,5.791,597
6.05,5.791,1514
7.45,5.791,244
6.38,5.790,705
6.96,5.790,319
7.16,5.790,286
7.30,5.790,263
8.36,5.790,227
6.84,5.790,411
6.87,5.790,372
6.32,5.790,728
8.32,5.790,158
6.38,5.789,615
7.08,5.789,289
7.36,5.789,233
6.46,5.789,561
7.04,5.789,315
6.08,5.789,1607
6.91,5.789,318
8.36,5.789,153
7.35,5.789,234
7.79,5.788,204
6.32,5.788,790
6.56,5.788,502
7.07,5.788,297
7.24,5.788,245
6.99,5.788,421
7.58,5.788,215
6.44,5.788,550
7.50,5.788,205
7.38,5.788,251
6.22,5.788,917
7.40,5.788,237
6.73,5.788,404
6.92,5.787,371
7.79,5.787,193
6.66,5.787,439
7.03,5.787,279
7.87,5.787,165
6.94,5.787,321
6.81,5.787,380
6.72,5.787,407
6.34,5.787,656
6.18,5.786,922
8.56,5.786,307
7.31,5.786,265
7.04,5.786,308
6.51,5.786,501
7.21,5.786,247
6.75,5.786,367
6.45,5.786,541
6.82,5.786,371
7.67,5.786,212
6.58,5.786,534
6.58,5.786,435
6.00,5.786,2599
7.38,5.785,236
7.95,5.785,212
7.82,5.785,184
6.35,5.785,635
6.10,5.785,1368
6.84,5.785,344
7.37,5.784,229
6.35,5.784,660
6.21,5.784,891
6.28,5.784,741
6.65,5.784,408
7.32,5.784,249
6.54,5.783,509
6.41,5.783,582
7.49,5.783,209
7.52,5.782,228
7.39,5.782,227
6.92,5.782,333
6.86,5.782,333
7.03,5.782,291
6.51,5.782,518
7.87,5.782,197
6.51,5.781,503
7.08,5.781,267
6.71,5.781,396
7.38,5.781,250
6.62,5.781,417
6.34,5.781,736
6.59,5.781,457
6.35,5.781,657
7.04,5.781,290
7.21,5.781,299
7.65,5.780,248
6.65,5.780,414
8.52,5.780,218
6.81,5.780,334
6.54,5.780,554
7.79,5.780,180
7.35,5.780,249
7.12,5.780,271
6.27,5.780,784
6.53,5.780,466
7.15,5.779,272
8.05,5.779,196
6.70,5.779,387
7.72,5.779,208
6.14,5.778,991
7.44,5.778,211
7.39,5.778,228
6.44,5.778,545
6.40,5.778,564
6.02,5.778,2713
6.51,5.778,471
7.37,5.777,298
7.39,5.777,227
7.18,5.777,288
7.61,5.777,207
6.20,5.777,853
7.10,5.777,259
7.08,5.777,269
7.11,5.777,255
6.83,5.777,324
6.88,5.777,323
7.01,5.777,284
7.73,5.776,180
6.74,5.776,358
6.37,5.776,615
6.40,5.776,552
6.68,5.776,385
6.25,5.776,732
8.04,5.776,154
6.11,5.775,1095
6.62,5.775,414
6.96,5.775,312
7.40,5.775,214
7.65,5.775,294
6.97,5.775,314
6.78,5.775,362
7.30,5.775,249
6.18,5.774,883
7.73,5.774,233
7.43,5.774,274
6.34,5.774,581
6.27,5.774,740
8.24,5.774,186
6.81,5.774,335
7.06,5.774,295
8.45,5.774,248
6.72,5.774,395
6.42,5.774,776
6.67,5.773,397
6.66,5.773,379
6.68,5.773,391
7.12,5.773,263
7.41,5.773,210
7.10,5.773,280
7.89,5.773,157
6.51,5.773,471
8.71,5.772,135
6.58,5.772,429
7.22,5.772,249
7.90,5.772,184
6.51,5.772,462
6.26,5.772,699
6.81,5.772,337
6.42,5.772,507
6.96,5.772,293
6.96,5.772,291
8.22,5.772,168
8.36,5.772,183
6.53,5.771,444
6.64,5.771,382
5.96,5.771,2222
7.18,5.771,287
6.38,5.771,561
6.67,5.770,436
6.85,5.770,311
7.42,5.770,220
7.48,5.770,203
6.23,5.770,736
6.66,5.770,387
6.96,5.770,299
6.88,5.770,375
7.93,5.769,174
6.33,5.769,672
7.18,5.769,255
7.70,5.769,187
7.44,5.769,195
6.46,5.769,472
6.20,5.769,799
6.04,5.769,2664
6.69,5.769,382
7.88,5.769,167
6.32,5.769,624
6.75,5.768,336
7.08,5.768,266
6.68,5.768,369
6.10,5.768,1047
6.23,5.768,803
7.10,5.768,262
8.44,5.768,146
6.74,5.768,351
6.35,5.768,632
6.78,5.767,312
7.20,5.767,264
6.61,5.767,494
7.94,5.767,233
6.96,5.767,294
7.46,5.767,202
6.56,5.767,447
8.58,5.767,137
7.92,5.767,162
6.78,5.766,360
6.63,5.766,379
6.19,5.766,878
6.31,5.766,735
6.93,5.766,307
6.84,5.766,302
6.87,5.766,316
7.25,5.766,236
6.46,5.766,489
6.73,5.766,369
7.13,5.766,248
6.42,5.766,509
7.28,5.766,240
6.15,5.766,887
6.68,5.766,412
6.10,5.765,1068
7.35,5.765,245
6.86,5.765,331
6.57,5.765,474
6.62,5.765,441
6.37,5.765,615
7.43,5.765,204
6.35,5.765,578
6.60,5.765,390
6.34,5.765,670
7.07,5.765,271
7.03,5.765,254
6.63,5.764,412
6.57,5.764,415
6.08,5.764,1163
7.29,5.764,242
5.88,5.764,5156
6.67,5.764,438
8.33,5.764,157
7.61,5.764,204
6.81,5.764,338
6.43,5.763,508
6.85,5.763,303
6.59,5.763,396
6.76,5.763,319
6.99,5.763,273
6.36,5.762,567
6.46,5.762,468
7.18,5.762,240
6.30,5.762,692
6.11,5.762,1172
6.41,5.762,499
6.60,5.762,385
6.11,5.761,963
7.60,5.761,201
7.04,5.761,277
7.01,5.761,275
7.98,5.761,165
7.20,5.761,245
6.35,5.761,552
6.60,5.761,404
6.88,5.761,307
6.33,5.761,575
5.94,5.760,13566
7.57,5.760,238
7.17,5.760,253
7.49,5.760,180
7.64,5.760,190
6.79,5.760,343
7.46,5.760,212
7.11,5.760,279
8.03,5.760,165
7.23,5.759,230
6.85,5.759,303
6.74,5.759,341
7.05,5.759,250
6.13,5.759,835
6.70,5.759,403
6.44,5.759,539
6.55,5.759,411
6.13,5.759,861
6.29,5.759,580
7.27,5.759,355
7.20,5.759,223
6.81,5.759,318
6.30,5.758,595
6.33,5.758,574
6.24,5.758,670
6.02,5.758,1247
7.46,5.758,186
6.34,5.758,586
6.33,5.758,604
8.31,5.757,148
7.20,5.757,224
7.60,5.757,187
6.92,5.757,277
6.69,5.757,355
6.76,5.757,336
6.16,5.757,847
7.68,5.757,162
6.45,5.757,465
7.00,5.757,295
6.63,5.756,395
7.74,5.756,203
7.82,5.756,174
6.69,5.756,338
6.47,5.756,513
7.09,5.756,298
6.29,5.756,607
6.27,5.756,664
6.69,5.756,346
6.19,5.756,937
7.76,5.756,164
6.18,5.756,829
7.97,5.756,166
6.35,5.755,545
7.01,5.755,305
6.62,5.755,363
6.36,5.755,696
7.45,5.755,194
7.20,5.755,228
6.68,5.755,450
7.38,5.755,201
7.40,5.755,198
6.49,5.755,441
6.59,5.755,394
6.52,5.755,430
6.79,5.755,380
7.06,5.755,238
6.13,5.754,992
8.61,5.754,163
5.86,5.754,16283
7.43,5.754,190
7.82,5.754,160
7.25,5.754,225
6.14,5.754,855
6.33,5.753,623
6.62,5.753,389
6.06,5.753,1052
6.01,5.753,1568
6.33,5.753,561
6.92,5.753,271
6.43,5.753,481
6.39,5.753,549
5.92,5.752,35740
6.33,5.752,537
6.78,5.752,334
6.09,5.752,936
6.00,5.752,1278
5.95,5.752,3274
6.55,5.752,391
6.58,5.752,443
6.44,5.752,491
8.37,5.752,149
6.24,5.752,637
7.95,5.752,202
6.33,5.752,544
6.55,5.752,408
6.74,5.752,329
7.38,5.752,206
6.29,5.752,728
6.57,5.751,371
7.48,5.751,199
7.69,5.751,174
6.85,5.751,337
6.00,5.751,1524
7.33,5.751,220
7.06,5.751,244
7.37,5.751,233
6.37,5.751,528
7.00,5.750,300
7.34,5.750,222
7.13,5.750,248
6.76,5.750,356
6.44,5.750,452
6.31,5.750,559
6.92,5.750,294
6.80,5.750,300
7.62,5.750,200
7.99,5.750,148
6.44,5.750,441
8.82,5.750,117
6.60,5.750,404
6.28,5.750,570
6.18,5.750,754
7.04,5.750,295
7.22,5.750,248
7.97,5.749,148
7.12,5.749,300
6.51,5.749,430
6.31,5.749,552
6.72,5.749,338
7.27,5.748,253
6.90,5.748,286
7.90,5.748,155
6.30,5.748,588
7.95,5.748,182
6.54,5.748,404
6.48,5.748,429
7.13,5.748,273
7.80,5.748,162
7.65,5.748,170
6.91,5.748,265
7.34,5.747,209
6.83,5.747,292
7.22,5.747,222
7.29,5.747,206
6.40,5.747,484
8.52,5.747,122
7.34,5.747,189
8.22,5.747,131
7.28,5.747,197
6.73,5.746,325
6.18,5.746,692
7.18,5.746,247
6.43,5.745,445
7.36,5.745,207
6.25,5.745,633
5.89,5.745,3958
7.65,5.745,171
6.26,5.745,563
7.13,5.745,237
6.70,5.745,320
6.82,5.745,268
7.76,5.745,178
6.37,5.745,506
6.89,5.744,289
6.92,5.744,285
6.85,5.744,286
7.56,5.744,162
6.28,5.744,607
7.30,5.744,235
6.49,5.744,479
6.48,5.743,420
8.66,5.743,130
5.99,5.743,1239
6.80,5.743,324
7.37,5.743,215
6.42,5.743,447
6.14,5.743,966
6.81,5.743,286
6.38,5.743,520
6.86,5.743,270
7.06,5.743,260
6.88,5.742,299
7.65,5.742,160
8.47,5.742,115
6.71,5.742,336
6.49,5.742,418
6.44,5.742,420
6.57,5.742,380
7.69,5.742,169
6.33,5.741,489
6.39,5.741,516
5.97,5.741,2231
7.93,5.741,146
6.23,5.741,609
6.89,5.741,343
7.27,5.741,216
6.19,5.741,667
6.47,5.741,399
6.55,5.741,426
6.45,5.740,469
6.68,5.740,333
8.07,5.740,150
6.56,5.740,367
6.44,5.740,426
6.94,5.740,239
6.40,5.740,600
6.24,5.739,642
6.64,5.739,341
6.21,5.739,634
6.58,5.739,349
6.82,5.739,294
6.59,5.739,356
6.14,5.739,1120
6.48,5.739,400
7.07,5.739,233
6.13,5.739,876
7.60,5.739,230
7.00,5.738,246
7.02,5.738,244
6.90,5.738,264
6.79,5.738,290
6.11,5.738,862
7.11,5.738,251
9.04,5.738,281
6.28,5.738,620
6.16,5.738,872
7.36,5.738,195
6.40,5.737,498
7.65,5.737,163
6.78,5.737,285
6.27,5.737,533
7.53,5.737,174
6.60,5.737,392
6.26,5.737,579
8.12,5.737,155
8.04,5.737,157
6.89,5.737,319
6.58,5.736,341
6.62,5.736,337
6.53,5.736,485
6.48,5.736,412
7.77,5.736,188
6.65,5.735,363
5.96,5.735,1584
7.84,5.735,176
7.10,5.735,236
6.36,5.735,606
6.50,5.735,364
6.68,5.734,321
6.19,5.734,713
6.82,5.734,267
6.20,5.734,668
7.02,5.734,235
6.51,5.734,369
5.97,5.734,1133
8.28,5.734,146
7.34,5.734,187
6.62,5.734,323
6.72,5.734,310
6.22,5.733,602
7.01,5.733,225
7.77,5.733,162
7.29,5.733,187
6.22,5.733,733
6.05,5.733,938
7.24,5.733,214
6.43,5.733,513
6.76,5.733,330
6.86,5.733,293
7.43,5.733,193
6.38,5.733,493
6.49,5.733,398
6.60,5.733,342
6.83,5.732,294
6.15,5.732,661
6.32,5.732,519
6.61,5.732,328
6.99,5.732,234
6.50,5.732,435
6.65,5.732,351
7.97,5.731,182
6.24,5.731,644
6.69,5.731,302
6.84,5.731,299
6.33,5.731,480
6.68,5.731,318
6.21,5.731,636
6.81,5.731,266
6.76,5.731,276
6.48,5.731,402
6.45,5.731,415
7.17,5.730,206
6.60,5.730,320
6.29,5.730,700
6.75,5.730,303
7.75,5.730,164
6.16,5.730,691
5.94,5.730,1703
7.25,5.730,208
6.91,5.730,250
6.67,5.730,301
6.62,5.730,374
6.37,5.730,508
6.73,5.730,310
6.17,5.730,882
6.26,5.729,544
6.99,5.729,258
6.32,5.729,517
6.18,5.729,674
6.56,5.729,323
6.34,5.729,458
6.29,5.729,495
6.76,5.729,293
7.10,5.729,205
6.45,5.729,440
7.51,5.728,204
6.30,5.728,527
6.39,5.728,462
5.93,5.728,1544
7.08,5.728,218
6.71,5.728,283
8.05,5.728,135
6.51,5.728,445
7.27,5.728,191
8.65,5.728,111
6.35,5.728,530
6.32,5.728,469
6.11,5.728,918
6.95,5.728,281
6.16,5.728,859
6.52,5.727,367
6.71,5.727,344
6.16,5.727,710
6.74,5.727,310
6.40,5.727,415
6.02,5.727,1289
6.44,5.727,397
7.03,5.727,252
8.52,5.727,119
7.21,5.727,223
6.56,5.727,349
6.65,5.727,316
6.37,5.727,493
6.55,5.727,382
6.79,5.727,307
6.41,5.727,428
7.94,5.727,164
6.91,5.726,277
7.84,5.726,202
6.19,5.726,599
6.45,5.726,374
6.82,5.726,262
7.80,5.726,165
6.39,5.726,451
8.16,5.726,142
7.30,5.726,207
6.26,5.726,552
6.02,5.726,1433
6.65,5.725,297
6.79,5.725,289
7.44,5.725,179
6.17,5.725,622
6.71,5.725,353
6.19,5.725,611
7.21,5.725,190
7.40,5.725,186
6.05,5.725,919
6.92,5.725,256
7.56,5.725,166
6.34,5.724,492
6.47,5.724,395
7.90,5.724,135
6.59,5.724,307
7.07,5.724,223
7.74,5.724,140
6.72,5.724,305
7.09,5.724,417
7.50,5.724,174
6.95,5.724,238
7.58,5.724,149
6.64,5.724,359
7.57,5.723,146
6.76,5.723,387
6.61,5.723,312
6.37,5.723,527
7.08,5.723,216
8.54,5.723,116
6.46,5.723,387
6.84,5.723,262
6.92,5.723,237
6.33,5.723,488
8.28,5.723,139
6.46,5.723,369
5.92,5.723,2403
6.72,5.723,303
6.82,5.723,269
6.79,5.723,278
6.61,5.723,324
7.03,5.722,214
6.97,5.722,254
7.22,5.722,238
6.85,5.722,253
6.58,5.722,317
6.42,5.722,401
7.68,5.721,147
8.04,5.721,120
6.89,5.721,232
6.52,5.721,373
6.43,5.721,413
6.46,5.721,433
6.33,5.721,487
6.56,5.721,321
6.52,5.721,364
6.36,5.721,509
7.06,5.721,217
7.09,5.721,197
7.16,5.721,182
7.18,5.721,227
7.15,5.721,252
7.02,5.721,218
6.84,5.721,287
6.49,5.721,424
6.27,5.721,541
6.24,5.721,705
6.50,5.720,362
6.13,5.720,683
7.19,5.720,183
7.43,5.720,160
7.09,5.720,200
6.68,5.720,303
7.53,5.720,151
6.85,5.720,243
7.02,5.720,240
6.54,5.720,362
7.18,5.720,224
8.27,5.719,132
6.65,5.719,311
7.11,5.719,194
6.36,5.719,445
6.76,5.719,285
6.76,5.719,263
8.12,5.719,182
7.87,5.719,135
6.99,5.719,246
6.79,5.719,275
7.13,5.719,204
6.86,5.718,239
6.44,5.718,382
7.58,5.718,175
6.34,5.718,474
6.05,5.718,866
6.78,5.718,333
6.43,5.718,397
6.02,5.718,1087
6.31,5.718,524
7.57,5.718,153
7.11,5.718,201
6.05,5.718,927
6.60,5.718,315
6.14,5.718,661
6.43,5.717,404
6.04,5.717,907
6.72,5.717,270
6.24,5.717,558
6.87,5.717,240
7.51,5.716,158
7.56,5.716,150
7.38,5.716,159
6.91,5.716,234
6.92,5.716,243
7.79,5.716,255
6.95,5.715,250
7.16,5.715,215
6.74,5.715,289
6.31,5.715,537
7.82,5.715,125
6.69,5.715,326
7.89,5.715,131
6.64,5.715,375
6.16,5.715,680
6.58,5.715,315
7.04,5.715,204
6.88,5.715,282
6.72,5.715,273
6.30,5.714,510
6.75,5.714,274
6.17,5.714,589
6.77,5.714,260
6.01,5.714,905
7.33,5.714,176
6.85,5.714,245
7.31,5.714,209
6.27,5.714,469
6.74,5.714,266
6.49,5.714,413
6.28,5.714,480
7.81,5.714,144
6.96,5.714,221
6.29,5.714,503
6.48,5.714,346
6.46,5.713,400
8.08,5.713,119
6.12,5.713,667
7.07,5.713,212
7.03,5.713,203
6.54,5.713,358
5.98,5.713,1060
6.71,5.713,280
6.41,5.713,419
6.68,5.713,345
7.01,5.713,233
6.19,5.712,576
6.63,5.712,327
6.81,5.712,267
6.41,5.712,381
6.50,5.712,387
6.99,5.712,219
6.12,5.712,672
6.66,5.712,325
7.81,5.712,127
6.89,5.712,241
7.56,5.712,177
6.70,5.711,291
6.05,5.711,997
6.65,5.711,283
7.82,5.711,152
6.87,5.711,250
8.09,5.711,124
6.46,5.711,365
6.90,5.711,229
6.35,5.711,431
6.19,5.711,589
6.48,5.711,336
7.32,5.711,184
6.83,5.710,244
6.18,5.710,558
7.18,5.710,193
6.31,5.710,436
6.85,5.710,299
6.51,5.710,332
6.74,5.710,257
7.94,5.710,129
6.47,5.710,380
6.10,5.710,715
8.25,5.710,125
7.35,5.710,169
6.40,5.710,384
6.17,5.710,708
6.64,5.710,341
6.17,5.709,588
6.18,5.709,573
7.59,5.709,152
7.39,5.709,197
7.31,5.709,166
6.19,5.709,698
6.40,5.709,388
6.60,5.709,345
6.36,5.709,390
6.20,5.709,531
5.82,5.709,6073
6.71,5.708,313
6.70,5.708,271
6.44,5.708,385
6.46,5.708,391
6.22,5.708,645
7.12,5.708,192
6.29,5.708,446
5.92,5.708,1857
6.26,5.708,515
6.91,5.708,236
6.71,5.708,256
6.56,5.708,311
6.88,5.708,216
8.36,5.708,104
7.22,5.707,179
6.71,5.707,295
6.01,5.707,1623
6.38,5.707,410
6.41,5.707,365
6.48,5.707,365
6.48,5.707,355
7.38,5.707,169
6.82,5.707,266
6.74,5.707,268
7.30,5.707,169
7.97,5.706,118
7.14,5.706,253
6.82,5.706,277
7.05,5.706,200
5.96,5.706,1093
7.25,5.706,173
7.51,5.706,234
6.43,5.706,364
7.37,5.706,165
6.76,5.706,258
6.88,5.706,221
6.12,5.705,629
6.24,5.705,470
6.15,5.705,603
6.71,5.705,284
6.34,5.705,425
6.78,5.705,233
7.53,5.705,145
7.00,5.705,197
5.90,5.705,3383
6.74,5.705,314
6.15,5.705,598
6.36,5.705,408
7.92,5.704,141
6.70,5.704,295
7.99,5.704,112
6.55,5.704,293
6.70,5.704,258
6.59,5.704,283
7.08,5.704,185
6.71,5.704,261
6.93,5.704,232
6.96,5.704,204
7.51,5.704,143
7.20,5.704,173
6.94,5.704,214
7.57,5.703,146
6.35,5.703,416
7.48,5.703,144
6.19,5.703,516
6.29,5.703,417
6.99,5.703,220
6.40,5.703,373
6.67,5.703,270
7.69,5.703,150
6.70,5.703,253
6.36,5.703,450
6.55,5.702,423
7.24,5.702,192
6.63,5.702,280
6.37,5.702,382
7.08,5.702,242
6.58,5.702,290
6.32,5.701,401
6.98,5.701,238
6.68,5.701,275
6.90,5.701,204
6.13,5.701,620
6.18,5.701,501
6.54,5.701,314
7.36,5.701,161
6.66,5.701,274
6.07,5.701,765
6.14,5.701,559
6.04,5.700,770
6.33,5.700,412
7.79,5.700,286
7.05,5.700,219
6.70,5.700,268
6.30,5.700,453
6.78,5.700,265
7.98,5.700,154
6.80,5.700,233
6.30,5.700,412
7.60,5.700,135
6.03,5.700,866
6.43,5.700,402
7.27,5.700,188
7.25,5.699,163
7.02,5.699,202
6.18,5.699,557
5.92,5.699,1247
6.97,5.699,222
8.01,5.699,120
7.08,5.699,181
6.96,5.699,208
6.24,5.699,443
6.30,5.698,403
7.00,5.698,204
6.98,5.698,222
6.26,5.698,487
7.01,5.698,199
6.94,5.698,211
6.19,5.698,497
6.42,5.698,391
6.06,5.698,757
6.47,5.698,323
6.39,5.697,434
7.73,5.697,142
6.49,5.697,342
6.20,5.697,502
6.00,5.697,1177
7.05,5.697,213
7.33,5.697,164
6.09,5.697,737
6.09,5.697,597
6.39,5.697,337
5.94,5.697,1287
6.87,5.697,247
8.21,5.697,121
6.90,5.696,248
7.98,5.696,111
6.18,5.696,537
6.91,5.696,214
7.23,5.696,178
6.44,5.696,336
6.56,5.696,343
6.40,5.696,390
6.59,5.696,328
6.63,5.695,257
6.02,5.695,769
6.36,5.695,338
6.33,5.695,383
6.62,5.695,263
6.17,5.695,590
7.34,5.695,184
6.39,5.695,350
8.64,5.695,95
6.15,5.695,550
7.10,5.695,206
6.71,5.695,240
6.37,5.695,367
8.21,5.695,114
6.14,5.694,574
6.75,5.694,239
6.27,5.694,422
7.26,5.694,154
6.40,5.694,368
6.35,5.694,412
6.09,5.694,591
7.21,5.694,161
7.88,5.694,120
6.56,5.694,288
6.41,5.693,349
6.20,5.693,532
6.48,5.693,279
6.21,5.693,619
7.72,5.693,140
7.91,5.693,149
8.58,5.693,139
6.32,5.693,401
6.52,5.693,311
7.62,5.693,143
7.51,5.693,145
6.84,5.693,227
6.39,5.693,362
7.17,5.692,188
6.45,5.692,334
6.27,5.692,461
6.06,5.692,756
6.03,5.692,756
6.18,5.692,495
6.78,5.692,227
6.37,5.692,388
7.77,5.692,112
6.97,5.692,201
6.70,5.692,257
7.47,5.692,169
6.45,5.692,304
6.27,5.692,428
6.26,5.692,425
6.46,5.692,445
6.85,5.691,220
6.73,5.691,225
7.87,5.691,118
7.06,5.691,207
6.35,5.691,377
6.69,5.691,258
6.67,5.691,257
6.63,5.691,271
6.82,5.691,219
7.64,5.691,128
6.36,5.691,367
6.18,5.691,503
7.49,5.690,136
7.05,5.690,189
6.59,5.690,286
6.31,5.690,413
6.16,5.690,561
7.20,5.690,153
6.21,5.690,487
6.57,5.690,263
7.27,5.690,155
6.87,5.690,216
7.79,5.690,226
6.15,5.689,553
7.21,5.689,175
7.63,5.689,141
7.23,5.689,177
7.47,5.689,164
6.74,5.689,231
7.24,5.689,180
6.87,5.689,214
6.04,5.689,709
7.04,5.689,191
6.47,5.689,307
6.27,5.689,464
7.17,5.689,161
6.88,5.689,210
6.24,5.689,441
5.96,5.689,860
6.86,5.689,228
6.31,5.689,452
6.40,5.689,323
6.17,5.688,583
6.50,5.688,306
7.44,5.688,157
7.04,5.688,178
6.12,5.688,539
7.00,5.688,205
7.89,5.688,104
6.22,5.688,578
7.35,5.688,161
7.18,5.688,167
6.17,5.688,502
6.08,5.688,654
6.76,5.687,217
8.05,5.687,106
6.68,5.687,241
6.75,5.687,244
6.65,5.687,234
7.01,5.687,201
6.29,5.687,378
8.11,5.687,109
6.72,5.687,288
6.47,5.687,309
7.67,5.687,128
7.64,5.687,148
7.88,5.687,157
7.49,5.687,153
6.96,5.686,183
6.97,5.686,183
7.19,5.686,159
6.83,5.686,238
6.16,5.686,660
6.42,5.686,331
7.75,5.686,235
7.21,5.686,165
6.84,5.686,210
6.38,5.686,350
7.71,5.686,139
7.24,5.686,161
6.36,5.686,352
6.71,5.686,228
6.60,5.686,305
7.15,5.686,153
8.19,5.686,115
6.97,5.686,251
6.54,5.686,267
7.62,5.685,194
7.94,5.685,112
6.63,5.685,312
6.66,5.685,225
7.55,5.685,124
7.26,5.685,165
6.87,5.685,216
6.60,5.685,264
6.36,5.685,338
6.49,5.685,314
6.10,5.685,871
6.06,5.685,796
6.73,5.685,248
7.69,5.685,127
6.81,5.685,209
6.48,5.685,279
6.34,5.685,388
7.50,5.685,132
7.41,5.685,129
6.21,5.685,533
7.43,5.684,141
6.24,5.684,431
6.84,5.684,191
5.94,5.684,1334
6.35,5.684,359
6.68,5.684,235
7.12,5.684,155
6.84,5.684,234
6.42,5.684,310
7.90,5.684,113
6.27,5.684,423
6.82,5.684,204
6.24,5.684,797
7.36,5.684,150
6.23,5.683,420
6.37,5.683,333
6.74,5.683,278
6.19,5.683,545
7.71,5.683,166
7.88,5.683,115
6.60,5.683,266
7.08,5.683,208
6.54,5.683,268
6.37,5.683,361
6.64,5.683,226
5.88,5.683,2440
7.10,5.683,194
6.86,5.683,186
6.93,5.683,191
6.74,5.683,229
7.66,5.682,248
7.11,5.682,279
6.99,5.682,173
6.53,5.682,324
6.61,5.682,266
8.00,5.682,112
7.72,5.682,123
6.23,5.682,515
6.50,5.682,282
7.62,5.682,128
6.79,5.682,218
5.89,5.682,2163
6.34,5.682,371
7.25,5.682,145
6.08,5.681,603
7.18,5.681,170
6.73,5.681,253
6.26,5.681,391
7.01,5.681,170
6.51,5.681,311
6.39,5.681,321
6.54,5.681,279
7.31,5.681,139
7.07,5.681,171
6.77,5.681,209
6.53,5.681,268
7.74,5.681,119
7.16,5.681,159
6.45,5.681,303
5.88,5.681,1263
6.32,5.681,347
6.05,5.681,584
6.72,5.681,258
6.93,5.681,217
6.67,5.681,228
7.05,5.681,191
6.76,5.681,249
5.85,5.681,2042
8.02,5.681,115
7.04,5.681,177
6.17,5.680,483
6.30,5.680,371
6.94,5.680,218
7.74,5.680,124
6.23,5.680,413
8.55,5.680,106
6.55,5.680,264
6.76,5.679,237
6.75,5.679,222
6.16,5.679,538
6.15,5.679,479
6.48,5.679,290
7.24,5.679,150
7.40,5.679,145
8.47,5.679,94
6.56,5.679,303
6.99,5.679,192
6.41,5.679,387
7.09,5.679,186
7.12,5.679,195
8.12,5.679,91
6.30,5.679,405
7.00,5.679,176
6.70,5.679,239
7.15,5.679,145
6.48,5.678,310
6.62,5.678,264
6.97,5.678,170
6.18,5.678,613
7.61,5.678,115
6.43,5.678,317
6.86,5.678,246
6.08,5.678,538
7.58,5.677,118
7.09,5.677,167
9.17,5.677,159
6.59,5.677,260
7.83,5.677,107
6.78,5.677,211
6.55,5.677,275
6.68,5.677,236
6.62,5.677,238
8.28,5.677,91
6.19,5.677,427
7.55,5.677,123
6.80,5.677,221
6.38,5.677,334
6.85,5.677,224
6.18,5.677,593
7.16,5.677,176
6.56,5.677,275
6.95,5.677,181
7.10,5.677,157
6.90,5.677,185
6.37,5.677,369
7.03,5.676,178
6.67,5.676,224
8.28,5.676,95
6.49,5.676,301
6.56,5.676,244
6.46,5.676,321
6.16,5.676,496
6.51,5.676,255
7.29,5.676,152
7.07,5.676,168
7.71,5.676,109
6.70,5.676,240
6.70,5.676,284
7.62,5.676,129
7.06,5.676,155
6.69,5.676,263
7.06,5.675,163
6.89,5.675,199
6.95,5.675,196
5.98,5.675,748
6.80,5.675,197
6.45,5.675,272
8.00,5.675,127
7.37,5.675,149
7.68,5.675,113
6.88,5.675,180
6.91,5.675,255
6.04,5.675,967
6.38,5.675,347
6.51,5.675,301
7.39,5.675,140
6.22,5.675,405
7.20,5.675,164
7.40,5.674,134
8.34,5.674,103
6.62,5.674,231
7.48,5.674,125
7.25,5.674,138
6.45,5.674,277
6.52,5.674,292
6.74,5.674,203
8.33,5.674,97
6.41,5.674,299
6.61,5.674,241
6.87,5.674,176
6.42,5.674,355
5.92,5.674,921
6.22,5.674,411
6.49,5.674,338
7.23,5.674,148
7.93,5.674,114
6.11,5.674,644
6.42,5.674,364
6.05,5.673,685
6.43,5.673,295
7.96,5.673,152
7.05,5.673,157
6.95,5.673,188
6.99,5.673,159
6.13,5.673,515
6.60,5.673,239
7.30,5.673,127
7.24,5.673,143
7.46,5.673,147
5.99,5.673,784
6.49,5.673,273
6.16,5.672,561
9.01,5.672,66
6.27,5.672,367
6.16,5.672,448
7.73,5.672,142
6.01,5.672,707
6.73,5.672,212
6.88,5.672,197
6.41,5.672,319
7.79,5.672,104
6.17,5.672,537
6.76,5.672,203
6.63,5.672,214
6.93,5.672,218
7.68,5.671,104
7.12,5.671,151
6.43,5.671,299
6.96,5.671,181
7.43,5.671,133
6.49,5.671,264
6.66,5.671,228
7.45,5.671,139
7.45,5.671,131
6.54,5.671,307
6.09,5.671,543
6.82,5.671,190
6.21,5.671,423
7.94,5.671,107
5.89,5.671,1106
6.24,5.670,461
6.05,5.670,663
6.44,5.670,279
6.78,5.670,190
6.42,5.670,269
6.27,5.670,355
5.94,5.670,899
6.54,5.670,261
6.55,5.670,237
6.88,5.670,189
6.27,5.670,361
6.95,5.670,191
6.79,5.670,200
7.73,5.670,111
5.99,5.670,660
6.72,5.670,228
6.80,5.670,190
6.30,5.670,349
6.65,5.670,245
8.29,5.669,118
6.26,5.669,410
7.38,5.669,139
6.97,5.669,174
7.42,5.669,129
6.67,5.669,210
7.02,5.669,154
6.99,5.669,200
6.67,5.669,220
6.48,5.669,280
6.64,5.669,318
6.76,5.669,221
7.48,5.668,130
6.08,5.668,486
5.88,5.668,1563
6.72,5.668,197
6.09,5.668,496
6.47,5.668,283
7.04,5.668,157
6.59,5.668,243
6.76,5.668,196
6.00,5.668,753
5.90,5.668,944
6.33,5.668,361
7.12,5.668,144
6.97,5.668,163
6.20,5.668,405
6.29,5.668,358
6.79,5.668,214
6.79,5.668,203
7.33,5.668,133
6.67,5.667,219
6.42,5.667,267
6.45,5.667,283
6.46,5.667,330
6.24,5.667,383
7.71,5.667,159
7.74,5.667,98
7.07,5.667,154
6.01,5.667,665
6.32,5.667,341
7.28,5.667,128
7.02,5.667,171
7.22,5.667,146
6.27,5.667,352
6.49,5.667,304
8.19,5.667,91
6.34,5.667,346
7.00,5.666,173
6.85,5.666,179
6.70,5.666,235
6.38,5.666,297
6.97,5.666,172
7.57,5.666,136
6.82,5.666,214
6.39,5.666,283
6.79,5.666,202
6.89,5.666,171
6.32,5.666,382
5.96,5.666,990
6.11,5.666,588
6.69,5.666,226
7.01,5.666,153
6.61,5.666,223
6.20,5.666,404
6.81,5.666,211
7.04,5.666,148
5.87,5.666,1203
6.52,5.666,251
6.97,5.666,203
6.39,5.665,283
6.64,5.665,255
8.00,5.665,103
6.23,5.665,441
6.62,5.665,222
6.28,5.665,337
7.18,5.665,159
6.26,5.665,359
6.06,5.665,627
6.28,5.665,347
6.93,5.665,179
7.61,5.665,190
7.21,5.665,132
6.24,5.665,350
8.26,5.665,85
6.35,5.665,315
6.65,5.665,202
6.50,5.665,229
7.66,5.664,152
6.03,5.664,603
7.34,5.664,141
6.54,5.664,272
6.90,5.664,186
5.86,5.664,1768
6.59,5.664,249
6.82,5.664,170
6.70,5.664,199
6.12,5.664,455
6.52,5.664,244
6.81,5.664,183
7.92,5.664,120
6.21,5.664,391
6.22,5.663,393
6.25,5.663,321
6.46,5.663,261
6.44,5.663,258
7.43,5.663,118
6.39,5.663,276
6.61,5.663,216
6.93,5.663,177
6.01,5.663,616
6.67,5.663,206
6.47,5.663,263
6.33,5.663,308
6.75,5.663,223
7.06,5.663,149
6.94,5.663,165
7.38,5.663,125
6.36,5.663,286
7.36,5.663,121
5.80,5.663,2043
6.29,5.663,391
6.42,5.663,320
6.96,5.662,151
6.93,5.662,170
6.55,5.662,234
6.58,5.662,289
6.37,5.662,290
6.24,5.662,390
7.73,5.662,105
6.98,5.662,167
7.80,5.662,122
7.23,5.662,172
5.84,5.662,1122
7.60,5.662,146
6.98,5.662,180
6.37,5.662,304
6.91,5.662,153
7.81,5.662,108
7.29,5.662,161
7.29,5.662,123
6.51,5.662,244
6.66,5.662,220
7.06,5.662,178
7.94,5.662,100
6.04,5.662,577
5.99,5.662,704
6.44,5.662,274
6.80,5.662,222
7.68,5.661,126
6.72,5.661,199
6.47,5.661,254
6.98,5.661,174
6.58,5.661,225
5.94,5.661,1066
7.57,5.661,121
7.06,5.661,187
7.35,5.661,134
5.98,5.661,1026
6.62,5.661,222
5.93,5.661,995
8.05,5.661,133
5.90,5.661,969
7.56,5.661,122
7.57,5.661,127
6.06,5.661,500
7.19,5.661,134
6.45,5.661,252
6.27,5.661,424
8.20,5.661,83
6.36,5.661,293
6.98,5.661,161
7.16,5.661,144
6.80,5.661,185
6.09,5.660,528
6.31,5.660,331
6.96,5.660,159
7.10,5.660,171
7.94,5.660,100
6.91,5.660,164
7.37,5.660,118
8.27,5.660,117
6.51,5.660,273
6.59,5.660,270
7.39,5.660,125
6.13,5.660,474
6.30,5.660,341
6.62,5.660,245
6.65,5.660,220
8.56,5.660,78
7.28,5.660,151
6.61,5.660,286
6.87,5.659,190
6.38,5.659,310
7.39,5.659,119
6.73,5.659,175
7.66,5.659,97
6.61,5.659,200
6.84,5.659,190
6.27,5.659,348
6.82,5.659,239
7.39,5.659,110
7.09,5.659,152
7.53,5.659,134
5.96,5.659,724
7.89,5.659,146
7.15,5.659,172
7.05,5.659,145
6.85,5.659,183
6.89,5.659,181
6.64,5.659,206
6.07,5.659,503
6.18,5.659,459
6.71,5.659,181
7.10,5.658,154
6.15,5.658,429
7.65,5.658,104
6.21,5.658,397
7.45,5.658,115
7.44,5.658,111
6.52,5.658,228
7.10,5.658,165
6.63,5.658,201
6.29,5.658,402
6.78,5.658,195
7.80,5.658,118
7.68,5.658,99
6.40,5.658,272
6.48,5.658,245
7.66,5.658,129
7.78,5.658,102
5.95,5.658,761
6.87,5.658,166
6.85,5.658,169
6.39,5.658,263
7.20,5.657,147
8.39,5.657,83
6.78,5.657,196
6.21,5.657,363
7.06,5.657,139
5.99,5.657,620
7.54,5.657,179
7.25,5.657,163
7.41,5.657,122
6.21,5.657,422
6.24,5.657,360
5.90,5.657,835
6.87,5.657,181
7.68,5.657,101
6.83,5.657,172
7.38,5.657,147
6.10,5.657,436
7.14,5.657,157
6.16,5.656,428
6.95,5.656,168
6.04,5.656,681
6.52,5.656,247
6.15,5.656,430
6.11,5.656,420
7.17,5.656,193
5.85,5.656,1097
6.58,5.656,230
6.58,5.656,218
6.82,5.656,192
7.16,5.656,131
7.79,5.656,106
